employee_id,platform,role
EMP0001,AD,HelpdeskOperator
EMP0001,AWS,Developer
EMP0001,Okta,AppAdmin
EMP0001,Salesforce,StandardUser
EMP0002,AD,HelpdeskOperator
EMP0002,AWS,Developer
EMP0002,Okta,User
EMP0002,Salesforce,StandardUser
EMP0003,AD,User
EMP0003,AWS,ReadOnlyAccess
EMP0003,Okta,AppAdmin
EMP0003,Salesforce,SystemAdministrator
EMP0004,AD,HelpdeskOperator
EMP0004,AWS,ReadOnlyAccess
EMP0004,Okta,AppAdmin
EMP0004,Salesforce,StandardUser
EMP0005,AD,HelpdeskOperator
EMP0005,AWS,AdministratorAccess
EMP0005,Okta,User
EMP0005,Salesforce,StandardUser
EMP0006,AD,DomainAdmin
EMP0006,AWS,ReadOnlyAccess
EMP0006,Okta,User
EMP0006,Salesforce,SystemAdministrator
EMP0007,AD,HelpdeskOperator
EMP0007,AWS,Developer
EMP0007,Okta,User
EMP0007,Salesforce,SystemAdministrator
EMP0008,AD,User
EMP0008,AWS,Developer
EMP0008,Okta,User
EMP0008,Salesforce,StandardUser
EMP0009,AD,HelpdeskOperator
EMP0009,AWS,Developer
EMP0009,Okta,User
EMP0009,Salesforce,StandardUser
EMP0010,AD,User
EMP0010,AWS,ReadOnlyAccess
EMP0010,Okta,User
EMP0010,Salesforce,StandardUser
EMP0011,AD,User
EMP0011,AWS,Developer
EMP0011,Okta,AppAdmin
EMP0011,Salesforce,ReportManager
EMP0012,AD,HelpdeskOperator
EMP0012,AWS,Developer
EMP0012,Okta,AppAdmin
EMP0012,Salesforce,ReportManager
EMP0013,AD,User
EMP0013,AWS,AdministratorAccess
EMP0013,Okta,AppAdmin
EMP0013,Salesforce,StandardUser
EMP0014,AD,User
EMP0014,AWS,AdministratorAccess
EMP0014,Okta,SuperAdmin
EMP0014,Salesforce,StandardUser
EMP0015,AD,HelpdeskOperator
EMP0015,AWS,ReadOnlyAccess
EMP0015,Okta,User
EMP0015,Salesforce,StandardUser
EMP0016,AD,HelpdeskOperator
EMP0016,AWS,ReadOnlyAccess
EMP0016,Okta,AppAdmin
EMP0016,Salesforce,ReportManager
EMP0017,AD,User
EMP0017,AWS,ReadOnlyAccess
EMP0017,Okta,AppAdmin
EMP0017,Salesforce,StandardUser
EMP0018,AD,User
EMP0018,AWS,ReadOnlyAccess
EMP0018,Okta,User
EMP0018,Salesforce,StandardUser
EMP0019,AD,User
EMP0019,AWS,Developer
EMP0019,Okta,AppAdmin
EMP0019,Salesforce,StandardUser
EMP0020,AD,User
EMP0020,AWS,ReadOnlyAccess
EMP0020,Okta,User
EMP0020,Salesforce,ReportManager
EMP0021,AD,HelpdeskOperator
EMP0021,AWS,ReadOnlyAccess
EMP0021,Okta,AppAdmin
EMP0021,Salesforce,ReportManager
EMP0022,AD,User
EMP0022,AWS,Developer
EMP0022,Okta,AppAdmin
EMP0022,Salesforce,StandardUser
EMP0023,AD,User
EMP0023,AWS,ReadOnlyAccess
EMP0023,Okta,AppAdmin
EMP0023,Salesforce,StandardUser
EMP0024,AD,DomainAdmin
EMP0024,AWS,Developer
EMP0024,Okta,SuperAdmin
EMP0024,Salesforce,StandardUser
EMP0025,AD,User
EMP0025,AWS,ReadOnlyAccess
EMP0025,Okta,User
EMP0025,Salesforce,ReportManager
EMP0026,AD,User
EMP0026,AWS,Developer
EMP0026,Okta,SuperAdmin
EMP0026,Salesforce,ReportManager
EMP0027,AD,User
EMP0027,AWS,AdministratorAccess
EMP0027,Okta,AppAdmin
EMP0027,Salesforce,StandardUser
EMP0028,AD,HelpdeskOperator
EMP0028,AWS,Developer
EMP0028,Okta,AppAdmin
EMP0028,Salesforce,StandardUser
EMP0029,AD,DomainAdmin
EMP0029,AWS,AdministratorAccess
EMP0029,Okta,SuperAdmin
EMP0029,Salesforce,StandardUser
EMP0030,AD,HelpdeskOperator
EMP0030,AWS,ReadOnlyAccess
EMP0030,Okta,User
EMP0030,Salesforce,StandardUser
EMP0031,AD,DomainAdmin
EMP0031,AWS,AdministratorAccess
EMP0031,Okta,SuperAdmin
EMP0031,Salesforce,ReportManager
EMP0032,AD,DomainAdmin
EMP0032,AWS,ReadOnlyAccess
EMP0032,Okta,User
EMP0032,Salesforce,StandardUser
EMP0033,AD,User
EMP0033,AWS,AdministratorAccess
EMP0033,Okta,User
EMP0033,Salesforce,StandardUser
EMP0034,AD,User
EMP0034,AWS,Developer
EMP0034,Okta,SuperAdmin
EMP0034,Salesforce,ReportManager
EMP0035,AD,HelpdeskOperator
EMP0035,AWS,Developer
EMP0035,Okta,User
EMP0035,Salesforce,StandardUser
EMP0036,AD,DomainAdmin
EMP0036,AWS,Developer
EMP0036,Okta,User
EMP0036,Salesforce,StandardUser
EMP0037,AD,HelpdeskOperator
EMP0037,AWS,ReadOnlyAccess
EMP0037,Okta,User
EMP0037,Salesforce,StandardUser
EMP0038,AD,User
EMP0038,AWS,ReadOnlyAccess
EMP0038,Okta,User
EMP0038,Salesforce,StandardUser
EMP0039,AD,User
EMP0039,AWS,AdministratorAccess
EMP0039,Okta,AppAdmin
EMP0039,Salesforce,StandardUser
EMP0040,AD,HelpdeskOperator
EMP0040,AWS,ReadOnlyAccess
EMP0040,Okta,User
EMP0040,Salesforce,ReportManager
EMP0041,AD,HelpdeskOperator
EMP0041,AWS,Developer
EMP0041,Okta,User
EMP0041,Salesforce,StandardUser
EMP0042,AD,User
EMP0042,AWS,Developer
EMP0042,Okta,SuperAdmin
EMP0042,Salesforce,StandardUser
EMP0043,AD,User
EMP0043,AWS,Developer
EMP0043,Okta,AppAdmin
EMP0043,Salesforce,ReportManager
EMP0044,AD,HelpdeskOperator
EMP0044,AWS,ReadOnlyAccess
EMP0044,Okta,AppAdmin
EMP0044,Salesforce,StandardUser
EMP0045,AD,User
EMP0045,AWS,Developer
EMP0045,Okta,AppAdmin
EMP0045,Salesforce,StandardUser
EMP0046,AD,User
EMP0046,AWS,ReadOnlyAccess
EMP0046,Okta,User
EMP0046,Salesforce,StandardUser
EMP0047,AD,HelpdeskOperator
EMP0047,AWS,ReadOnlyAccess
EMP0047,Okta,User
EMP0047,Salesforce,ReportManager
EMP0048,AD,HelpdeskOperator
EMP0048,AWS,Developer
EMP0048,Okta,AppAdmin
EMP0048,Salesforce,ReportManager
EMP0049,AD,User
EMP0049,AWS,ReadOnlyAccess
EMP0049,Okta,User
EMP0049,Salesforce,ReportManager
EMP0050,AD,User
EMP0050,AWS,Developer
EMP0050,Okta,AppAdmin
EMP0050,Salesforce,ReportManager
EMP0051,AD,User
EMP0051,AWS,AdministratorAccess
EMP0051,Okta,AppAdmin
EMP0051,Salesforce,ReportManager
EMP0052,AD,HelpdeskOperator
EMP0052,AWS,Developer
EMP0052,Okta,User
EMP0052,Salesforce,StandardUser
EMP0053,AD,User
EMP0053,AWS,ReadOnlyAccess
EMP0053,Okta,AppAdmin
EMP0053,Salesforce,StandardUser
EMP0054,AD,User
EMP0054,AWS,AdministratorAccess
EMP0054,Okta,SuperAdmin
EMP0054,Salesforce,ReportManager
EMP0055,AD,HelpdeskOperator
EMP0055,AWS,AdministratorAccess
EMP0055,Okta,AppAdmin
EMP0055,Salesforce,ReportManager
EMP0056,AD,DomainAdmin
EMP0056,AWS,Developer
EMP0056,Okta,User
EMP0056,Salesforce,StandardUser
EMP0057,AD,HelpdeskOperator
EMP0057,AWS,ReadOnlyAccess
EMP0057,Okta,AppAdmin
EMP0057,Salesforce,ReportManager
EMP0058,AD,HelpdeskOperator
EMP0058,AWS,ReadOnlyAccess
EMP0058,Okta,User
EMP0058,Salesforce,ReportManager
EMP0059,AD,HelpdeskOperator
EMP0059,AWS,Developer
EMP0059,Okta,AppAdmin
EMP0059,Salesforce,StandardUser
EMP0060,AD,User
EMP0060,AWS,Developer
EMP0060,Okta,User
EMP0060,Salesforce,ReportManager
EMP0061,AD,User
EMP0061,AWS,Developer
EMP0061,Okta,AppAdmin
EMP0061,Salesforce,StandardUser
EMP0062,AD,HelpdeskOperator
EMP0062,AWS,Developer
EMP0062,Okta,User
EMP0062,Salesforce,StandardUser
EMP0063,AD,HelpdeskOperator
EMP0063,AWS,ReadOnlyAccess
EMP0063,Okta,User
EMP0063,Salesforce,SystemAdministrator
EMP0064,AD,HelpdeskOperator
EMP0064,AWS,Developer
EMP0064,Okta,AppAdmin
EMP0064,Salesforce,StandardUser
EMP0065,AD,User
EMP0065,AWS,ReadOnlyAccess
EMP0065,Okta,AppAdmin
EMP0065,Salesforce,ReportManager
EMP0066,AD,User
EMP0066,AWS,AdministratorAccess
EMP0066,Okta,User
EMP0066,Salesforce,StandardUser
EMP0067,AD,User
EMP0067,AWS,ReadOnlyAccess
EMP0067,Okta,User
EMP0067,Salesforce,StandardUser
EMP0068,AD,DomainAdmin
EMP0068,AWS,Developer
EMP0068,Okta,User
EMP0068,Salesforce,SystemAdministrator
EMP0069,AD,User
EMP0069,AWS,Developer
EMP0069,Okta,AppAdmin
EMP0069,Salesforce,ReportManager
EMP0070,AD,HelpdeskOperator
EMP0070,AWS,Developer
EMP0070,Okta,User
EMP0070,Salesforce,StandardUser
EMP0071,AD,User
EMP0071,AWS,ReadOnlyAccess
EMP0071,Okta,AppAdmin
EMP0071,Salesforce,SystemAdministrator
EMP0072,AD,User
EMP0072,AWS,ReadOnlyAccess
EMP0072,Okta,User
EMP0072,Salesforce,ReportManager
EMP0073,AD,HelpdeskOperator
EMP0073,AWS,AdministratorAccess
EMP0073,Okta,AppAdmin
EMP0073,Salesforce,StandardUser
EMP0074,AD,HelpdeskOperator
EMP0074,AWS,ReadOnlyAccess
EMP0074,Okta,AppAdmin
EMP0074,Salesforce,StandardUser
EMP0075,AD,User
EMP0075,AWS,ReadOnlyAccess
EMP0075,Okta,User
EMP0075,Salesforce,ReportManager
EMP0076,AD,User
EMP0076,AWS,ReadOnlyAccess
EMP0076,Okta,User
EMP0076,Salesforce,ReportManager
EMP0077,AD,User
EMP0077,AWS,Developer
EMP0077,Okta,User
EMP0077,Salesforce,ReportManager
EMP0078,AD,HelpdeskOperator
EMP0078,AWS,Developer
EMP0078,Okta,AppAdmin
EMP0078,Salesforce,ReportManager
EMP0079,AD,User
EMP0079,AWS,ReadOnlyAccess
EMP0079,Okta,User
EMP0079,Salesforce,StandardUser
EMP0080,AD,DomainAdmin
EMP0080,AWS,Developer
EMP0080,Okta,User
EMP0080,Salesforce,ReportManager
EMP0081,AD,User
EMP0081,AWS,AdministratorAccess
EMP0081,Okta,SuperAdmin
EMP0081,Salesforce,SystemAdministrator
EMP0082,AD,HelpdeskOperator
EMP0082,AWS,ReadOnlyAccess
EMP0082,Okta,User
EMP0082,Salesforce,StandardUser
EMP0083,AD,HelpdeskOperator
EMP0083,AWS,ReadOnlyAccess
EMP0083,Okta,User
EMP0083,Salesforce,StandardUser
EMP0084,AD,DomainAdmin
EMP0084,AWS,ReadOnlyAccess
EMP0084,Okta,User
EMP0084,Salesforce,ReportManager
EMP0085,AD,HelpdeskOperator
EMP0085,AWS,Developer
EMP0085,Okta,AppAdmin
EMP0085,Salesforce,ReportManager
EMP0086,AD,HelpdeskOperator
EMP0086,AWS,ReadOnlyAccess
EMP0086,Okta,User
EMP0086,Salesforce,ReportManager
EMP0087,AD,User
EMP0087,AWS,AdministratorAccess
EMP0087,Okta,AppAdmin
EMP0087,Salesforce,StandardUser
EMP0088,AD,DomainAdmin
EMP0088,AWS,Developer
EMP0088,Okta,AppAdmin
EMP0088,Salesforce,ReportManager
EMP0089,AD,HelpdeskOperator
EMP0089,AWS,Developer
EMP0089,Okta,AppAdmin
EMP0089,Salesforce,ReportManager
EMP0090,AD,HelpdeskOperator
EMP0090,AWS,AdministratorAccess
EMP0090,Okta,AppAdmin
EMP0090,Salesforce,ReportManager
EMP0091,AD,User
EMP0091,AWS,Developer
EMP0091,Okta,AppAdmin
EMP0091,Salesforce,StandardUser
EMP0092,AD,HelpdeskOperator
EMP0092,AWS,Developer
EMP0092,Okta,AppAdmin
EMP0092,Salesforce,ReportManager
EMP0093,AD,HelpdeskOperator
EMP0093,AWS,AdministratorAccess
EMP0093,Okta,SuperAdmin
EMP0093,Salesforce,SystemAdministrator
EMP0094,AD,User
EMP0094,AWS,Developer
EMP0094,Okta,AppAdmin
EMP0094,Salesforce,ReportManager
EMP0095,AD,User
EMP0095,AWS,Developer
EMP0095,Okta,AppAdmin
EMP0095,Salesforce,ReportManager
EMP0096,AD,User
EMP0096,AWS,AdministratorAccess
EMP0096,Okta,User
EMP0096,Salesforce,StandardUser
EMP0097,AD,User
EMP0097,AWS,ReadOnlyAccess
EMP0097,Okta,AppAdmin
EMP0097,Salesforce,ReportManager
EMP0098,AD,HelpdeskOperator
EMP0098,AWS,ReadOnlyAccess
EMP0098,Okta,AppAdmin
EMP0098,Salesforce,StandardUser
EMP0099,AD,User
EMP0099,AWS,Developer
EMP0099,Okta,AppAdmin
EMP0099,Salesforce,StandardUser
EMP0100,AD,HelpdeskOperator
EMP0100,AWS,ReadOnlyAccess
EMP0100,Okta,AppAdmin
EMP0100,Salesforce,StandardUser
EMP0101,AD,User
EMP0101,AWS,ReadOnlyAccess
EMP0101,Okta,User
EMP0101,Salesforce,StandardUser
EMP0102,AD,User
EMP0102,AWS,Developer
EMP0102,Okta,SuperAdmin
EMP0102,Salesforce,ReportManager
EMP0103,AD,User
EMP0103,AWS,ReadOnlyAccess
EMP0103,Okta,AppAdmin
EMP0103,Salesforce,SystemAdministrator
EMP0104,AD,HelpdeskOperator
EMP0104,AWS,ReadOnlyAccess
EMP0104,Okta,AppAdmin
EMP0104,Salesforce,ReportManager
EMP0105,AD,User
EMP0105,AWS,ReadOnlyAccess
EMP0105,Okta,AppAdmin
EMP0105,Salesforce,StandardUser
EMP0106,AD,HelpdeskOperator
EMP0106,AWS,AdministratorAccess
EMP0106,Okta,AppAdmin
EMP0106,Salesforce,StandardUser
EMP0107,AD,DomainAdmin
EMP0107,AWS,AdministratorAccess
EMP0107,Okta,SuperAdmin
EMP0107,Salesforce,StandardUser
EMP0108,AD,HelpdeskOperator
EMP0108,AWS,Developer
EMP0108,Okta,User
EMP0108,Salesforce,StandardUser
EMP0109,AD,HelpdeskOperator
EMP0109,AWS,ReadOnlyAccess
EMP0109,Okta,User
EMP0109,Salesforce,StandardUser
EMP0110,AD,User
EMP0110,AWS,ReadOnlyAccess
EMP0110,Okta,AppAdmin
EMP0110,Salesforce,ReportManager
EMP0111,AD,HelpdeskOperator
EMP0111,AWS,ReadOnlyAccess
EMP0111,Okta,User
EMP0111,Salesforce,ReportManager
EMP0112,AD,HelpdeskOperator
EMP0112,AWS,ReadOnlyAccess
EMP0112,Okta,User
EMP0112,Salesforce,ReportManager
EMP0113,AD,User
EMP0113,AWS,AdministratorAccess
EMP0113,Okta,User
EMP0113,Salesforce,StandardUser
EMP0114,AD,User
EMP0114,AWS,AdministratorAccess
EMP0114,Okta,AppAdmin
EMP0114,Salesforce,StandardUser
EMP0115,AD,HelpdeskOperator
EMP0115,AWS,Developer
EMP0115,Okta,AppAdmin
EMP0115,Salesforce,StandardUser
EMP0116,AD,HelpdeskOperator
EMP0116,AWS,ReadOnlyAccess
EMP0116,Okta,User
EMP0116,Salesforce,ReportManager
EMP0117,AD,User
EMP0117,AWS,Developer
EMP0117,Okta,User
EMP0117,Salesforce,ReportManager
EMP0118,AD,HelpdeskOperator
EMP0118,AWS,Developer
EMP0118,Okta,User
EMP0118,Salesforce,StandardUser
EMP0119,AD,User
EMP0119,AWS,ReadOnlyAccess
EMP0119,Okta,AppAdmin
EMP0119,Salesforce,StandardUser
EMP0120,AD,DomainAdmin
EMP0120,AWS,AdministratorAccess
EMP0120,Okta,User
EMP0120,Salesforce,StandardUser
EMP0121,AD,User
EMP0121,AWS,Developer
EMP0121,Okta,AppAdmin
EMP0121,Salesforce,StandardUser
EMP0122,AD,DomainAdmin
EMP0122,AWS,ReadOnlyAccess
EMP0122,Okta,User
EMP0122,Salesforce,SystemAdministrator
EMP0123,AD,HelpdeskOperator
EMP0123,AWS,ReadOnlyAccess
EMP0123,Okta,User
EMP0123,Salesforce,ReportManager
EMP0124,AD,DomainAdmin
EMP0124,AWS,Developer
EMP0124,Okta,AppAdmin
EMP0124,Salesforce,ReportManager
EMP0125,AD,DomainAdmin
EMP0125,AWS,AdministratorAccess
EMP0125,Okta,User
EMP0125,Salesforce,SystemAdministrator
EMP0126,AD,DomainAdmin
EMP0126,AWS,AdministratorAccess
EMP0126,Okta,AppAdmin
EMP0126,Salesforce,ReportManager
EMP0127,AD,User
EMP0127,AWS,Developer
EMP0127,Okta,User
EMP0127,Salesforce,StandardUser
EMP0128,AD,HelpdeskOperator
EMP0128,AWS,Developer
EMP0128,Okta,User
EMP0128,Salesforce,ReportManager
EMP0129,AD,HelpdeskOperator
EMP0129,AWS,Developer
EMP0129,Okta,User
EMP0129,Salesforce,ReportManager
EMP0130,AD,User
EMP0130,AWS,Developer
EMP0130,Okta,AppAdmin
EMP0130,Salesforce,ReportManager
EMP0131,AD,HelpdeskOperator
EMP0131,AWS,Developer
EMP0131,Okta,User
EMP0131,Salesforce,StandardUser
EMP0132,AD,User
EMP0132,AWS,ReadOnlyAccess
EMP0132,Okta,AppAdmin
EMP0132,Salesforce,ReportManager
EMP0133,AD,HelpdeskOperator
EMP0133,AWS,AdministratorAccess
EMP0133,Okta,User
EMP0133,Salesforce,StandardUser
EMP0134,AD,User
EMP0134,AWS,Developer
EMP0134,Okta,AppAdmin
EMP0134,Salesforce,StandardUser
EMP0135,AD,HelpdeskOperator
EMP0135,AWS,Developer
EMP0135,Okta,User
EMP0135,Salesforce,StandardUser
EMP0136,AD,HelpdeskOperator
EMP0136,AWS,Developer
EMP0136,Okta,User
EMP0136,Salesforce,ReportManager
EMP0137,AD,User
EMP0137,AWS,ReadOnlyAccess
EMP0137,Okta,User
EMP0137,Salesforce,ReportManager
EMP0138,AD,HelpdeskOperator
EMP0138,AWS,AdministratorAccess
EMP0138,Okta,SuperAdmin
EMP0138,Salesforce,StandardUser
EMP0139,AD,User
EMP0139,AWS,ReadOnlyAccess
EMP0139,Okta,AppAdmin
EMP0139,Salesforce,StandardUser
EMP0140,AD,DomainAdmin
EMP0140,AWS,Developer
EMP0140,Okta,AppAdmin
EMP0140,Salesforce,StandardUser
EMP0141,AD,HelpdeskOperator
EMP0141,AWS,AdministratorAccess
EMP0141,Okta,AppAdmin
EMP0141,Salesforce,ReportManager
EMP0142,AD,HelpdeskOperator
EMP0142,AWS,AdministratorAccess
EMP0142,Okta,SuperAdmin
EMP0142,Salesforce,StandardUser
EMP0143,AD,User
EMP0143,AWS,AdministratorAccess
EMP0143,Okta,AppAdmin
EMP0143,Salesforce,ReportManager
EMP0144,AD,HelpdeskOperator
EMP0144,AWS,ReadOnlyAccess
EMP0144,Okta,AppAdmin
EMP0144,Salesforce,ReportManager
EMP0145,AD,HelpdeskOperator
EMP0145,AWS,Developer
EMP0145,Okta,AppAdmin
EMP0145,Salesforce,StandardUser
EMP0146,AD,HelpdeskOperator
EMP0146,AWS,Developer
EMP0146,Okta,User
EMP0146,Salesforce,StandardUser
EMP0147,AD,HelpdeskOperator
EMP0147,AWS,AdministratorAccess
EMP0147,Okta,User
EMP0147,Salesforce,StandardUser
EMP0148,AD,HelpdeskOperator
EMP0148,AWS,AdministratorAccess
EMP0148,Okta,AppAdmin
EMP0148,Salesforce,SystemAdministrator
EMP0149,AD,DomainAdmin
EMP0149,AWS,ReadOnlyAccess
EMP0149,Okta,SuperAdmin
EMP0149,Salesforce,SystemAdministrator
EMP0150,AD,HelpdeskOperator
EMP0150,AWS,Developer
EMP0150,Okta,SuperAdmin
EMP0150,Salesforce,ReportManager
EMP0151,AD,HelpdeskOperator
EMP0151,AWS,Developer
EMP0151,Okta,User
EMP0151,Salesforce,ReportManager
EMP0152,AD,User
EMP0152,AWS,ReadOnlyAccess
EMP0152,Okta,AppAdmin
EMP0152,Salesforce,ReportManager
EMP0153,AD,DomainAdmin
EMP0153,AWS,AdministratorAccess
EMP0153,Okta,AppAdmin
EMP0153,Salesforce,SystemAdministrator
EMP0154,AD,HelpdeskOperator
EMP0154,AWS,ReadOnlyAccess
EMP0154,Okta,User
EMP0154,Salesforce,ReportManager
EMP0155,AD,HelpdeskOperator
EMP0155,AWS,ReadOnlyAccess
EMP0155,Okta,User
EMP0155,Salesforce,StandardUser
EMP0156,AD,HelpdeskOperator
EMP0156,AWS,ReadOnlyAccess
EMP0156,Okta,User
EMP0156,Salesforce,ReportManager
EMP0157,AD,DomainAdmin
EMP0157,AWS,Developer
EMP0157,Okta,SuperAdmin
EMP0157,Salesforce,SystemAdministrator
EMP0158,AD,User
EMP0158,AWS,ReadOnlyAccess
EMP0158,Okta,AppAdmin
EMP0158,Salesforce,ReportManager
EMP0159,AD,HelpdeskOperator
EMP0159,AWS,Developer
EMP0159,Okta,User
EMP0159,Salesforce,StandardUser
EMP0160,AD,DomainAdmin
EMP0160,AWS,ReadOnlyAccess
EMP0160,Okta,SuperAdmin
EMP0160,Salesforce,StandardUser
EMP0161,AD,User
EMP0161,AWS,AdministratorAccess
EMP0161,Okta,User
EMP0161,Salesforce,StandardUser
EMP0162,AD,HelpdeskOperator
EMP0162,AWS,Developer
EMP0162,Okta,SuperAdmin
EMP0162,Salesforce,ReportManager
EMP0163,AD,User
EMP0163,AWS,Developer
EMP0163,Okta,User
EMP0163,Salesforce,StandardUser
EMP0164,AD,DomainAdmin
EMP0164,AWS,ReadOnlyAccess
EMP0164,Okta,AppAdmin
EMP0164,Salesforce,ReportManager
EMP0165,AD,User
EMP0165,AWS,Developer
EMP0165,Okta,User
EMP0165,Salesforce,StandardUser
EMP0166,AD,HelpdeskOperator
EMP0166,AWS,ReadOnlyAccess
EMP0166,Okta,User
EMP0166,Salesforce,StandardUser
EMP0167,AD,HelpdeskOperator
EMP0167,AWS,Developer
EMP0167,Okta,AppAdmin
EMP0167,Salesforce,StandardUser
EMP0168,AD,User
EMP0168,AWS,Developer
EMP0168,Okta,AppAdmin
EMP0168,Salesforce,StandardUser
EMP0169,AD,HelpdeskOperator
EMP0169,AWS,ReadOnlyAccess
EMP0169,Okta,AppAdmin
EMP0169,Salesforce,ReportManager
EMP0170,AD,User
EMP0170,AWS,ReadOnlyAccess
EMP0170,Okta,User
EMP0170,Salesforce,ReportManager
EMP0171,AD,User
EMP0171,AWS,Developer
EMP0171,Okta,User
EMP0171,Salesforce,StandardUser
EMP0172,AD,User
EMP0172,AWS,Developer
EMP0172,Okta,User
EMP0172,Salesforce,ReportManager
EMP0173,AD,HelpdeskOperator
EMP0173,AWS,AdministratorAccess
EMP0173,Okta,AppAdmin
EMP0173,Salesforce,ReportManager
EMP0174,AD,User
EMP0174,AWS,ReadOnlyAccess
EMP0174,Okta,AppAdmin
EMP0174,Salesforce,ReportManager
EMP0175,AD,User
EMP0175,AWS,Developer
EMP0175,Okta,User
EMP0175,Salesforce,ReportManager
EMP0176,AD,HelpdeskOperator
EMP0176,AWS,ReadOnlyAccess
EMP0176,Okta,AppAdmin
EMP0176,Salesforce,ReportManager
EMP0177,AD,User
EMP0177,AWS,ReadOnlyAccess
EMP0177,Okta,AppAdmin
EMP0177,Salesforce,StandardUser
EMP0178,AD,User
EMP0178,AWS,Developer
EMP0178,Okta,SuperAdmin
EMP0178,Salesforce,ReportManager
EMP0179,AD,User
EMP0179,AWS,ReadOnlyAccess
EMP0179,Okta,User
EMP0179,Salesforce,StandardUser
EMP0180,AD,User
EMP0180,AWS,AdministratorAccess
EMP0180,Okta,AppAdmin
EMP0180,Salesforce,ReportManager
EMP0181,AD,User
EMP0181,AWS,ReadOnlyAccess
EMP0181,Okta,User
EMP0181,Salesforce,StandardUser
EMP0182,AD,DomainAdmin
EMP0182,AWS,AdministratorAccess
EMP0182,Okta,User
EMP0182,Salesforce,ReportManager
EMP0183,AD,DomainAdmin
EMP0183,AWS,ReadOnlyAccess
EMP0183,Okta,SuperAdmin
EMP0183,Salesforce,SystemAdministrator
EMP0184,AD,HelpdeskOperator
EMP0184,AWS,Developer
EMP0184,Okta,AppAdmin
EMP0184,Salesforce,ReportManager
EMP0185,AD,HelpdeskOperator
EMP0185,AWS,AdministratorAccess
EMP0185,Okta,User
EMP0185,Salesforce,ReportManager
EMP0186,AD,User
EMP0186,AWS,AdministratorAccess
EMP0186,Okta,AppAdmin
EMP0186,Salesforce,SystemAdministrator
EMP0187,AD,User
EMP0187,AWS,AdministratorAccess
EMP0187,Okta,SuperAdmin
EMP0187,Salesforce,SystemAdministrator
EMP0188,AD,HelpdeskOperator
EMP0188,AWS,ReadOnlyAccess
EMP0188,Okta,AppAdmin
EMP0188,Salesforce,StandardUser
EMP0189,AD,DomainAdmin
EMP0189,AWS,AdministratorAccess
EMP0189,Okta,SuperAdmin
EMP0189,Salesforce,ReportManager
EMP0190,AD,User
EMP0190,AWS,AdministratorAccess
EMP0190,Okta,SuperAdmin
EMP0190,Salesforce,StandardUser
EMP0191,AD,HelpdeskOperator
EMP0191,AWS,Developer
EMP0191,Okta,User
EMP0191,Salesforce,StandardUser
EMP0192,AD,User
EMP0192,AWS,Developer
EMP0192,Okta,User
EMP0192,Salesforce,ReportManager
EMP0193,AD,User
EMP0193,AWS,Developer
EMP0193,Okta,User
EMP0193,Salesforce,StandardUser
EMP0194,AD,HelpdeskOperator
EMP0194,AWS,Developer
EMP0194,Okta,SuperAdmin
EMP0194,Salesforce,StandardUser
EMP0195,AD,HelpdeskOperator
EMP0195,AWS,Developer
EMP0195,Okta,AppAdmin
EMP0195,Salesforce,ReportManager
EMP0196,AD,User
EMP0196,AWS,ReadOnlyAccess
EMP0196,Okta,AppAdmin
EMP0196,Salesforce,ReportManager
EMP0197,AD,User
EMP0197,AWS,AdministratorAccess
EMP0197,Okta,User
EMP0197,Salesforce,StandardUser
EMP0198,AD,User
EMP0198,AWS,ReadOnlyAccess
EMP0198,Okta,AppAdmin
EMP0198,Salesforce,StandardUser
EMP0199,AD,HelpdeskOperator
EMP0199,AWS,ReadOnlyAccess
EMP0199,Okta,User
EMP0199,Salesforce,StandardUser
EMP0200,AD,HelpdeskOperator
EMP0200,AWS,Developer
EMP0200,Okta,AppAdmin
EMP0200,Salesforce,ReportManager
EMP0201,AD,User
EMP0201,AWS,AdministratorAccess
EMP0201,Okta,AppAdmin
EMP0201,Salesforce,ReportManager
EMP0202,AD,User
EMP0202,AWS,ReadOnlyAccess
EMP0202,Okta,User
EMP0202,Salesforce,ReportManager
EMP0203,AD,User
EMP0203,AWS,AdministratorAccess
EMP0203,Okta,SuperAdmin
EMP0203,Salesforce,SystemAdministrator
EMP0204,AD,User
EMP0204,AWS,ReadOnlyAccess
EMP0204,Okta,AppAdmin
EMP0204,Salesforce,ReportManager
EMP0205,AD,HelpdeskOperator
EMP0205,AWS,ReadOnlyAccess
EMP0205,Okta,User
EMP0205,Salesforce,StandardUser
EMP0206,AD,User
EMP0206,AWS,ReadOnlyAccess
EMP0206,Okta,User
EMP0206,Salesforce,ReportManager
EMP0207,AD,HelpdeskOperator
EMP0207,AWS,Developer
EMP0207,Okta,User
EMP0207,Salesforce,StandardUser
EMP0208,AD,DomainAdmin
EMP0208,AWS,Developer
EMP0208,Okta,User
EMP0208,Salesforce,StandardUser
EMP0209,AD,User
EMP0209,AWS,AdministratorAccess
EMP0209,Okta,User
EMP0209,Salesforce,ReportManager
EMP0210,AD,User
EMP0210,AWS,ReadOnlyAccess
EMP0210,Okta,AppAdmin
EMP0210,Salesforce,StandardUser
EMP0211,AD,HelpdeskOperator
EMP0211,AWS,ReadOnlyAccess
EMP0211,Okta,AppAdmin
EMP0211,Salesforce,ReportManager
EMP0212,AD,DomainAdmin
EMP0212,AWS,ReadOnlyAccess
EMP0212,Okta,User
EMP0212,Salesforce,ReportManager
EMP0213,AD,HelpdeskOperator
EMP0213,AWS,AdministratorAccess
EMP0213,Okta,User
EMP0213,Salesforce,StandardUser
EMP0214,AD,HelpdeskOperator
EMP0214,AWS,Developer
EMP0214,Okta,User
EMP0214,Salesforce,ReportManager
EMP0215,AD,HelpdeskOperator
EMP0215,AWS,Developer
EMP0215,Okta,User
EMP0215,Salesforce,ReportManager
EMP0216,AD,User
EMP0216,AWS,ReadOnlyAccess
EMP0216,Okta,AppAdmin
EMP0216,Salesforce,ReportManager
EMP0217,AD,User
EMP0217,AWS,Developer
EMP0217,Okta,AppAdmin
EMP0217,Salesforce,StandardUser
EMP0218,AD,HelpdeskOperator
EMP0218,AWS,ReadOnlyAccess
EMP0218,Okta,User
EMP0218,Salesforce,StandardUser
EMP0219,AD,User
EMP0219,AWS,AdministratorAccess
EMP0219,Okta,AppAdmin
EMP0219,Salesforce,ReportManager
EMP0220,AD,HelpdeskOperator
EMP0220,AWS,Developer
EMP0220,Okta,AppAdmin
EMP0220,Salesforce,StandardUser
EMP0221,AD,User
EMP0221,AWS,ReadOnlyAccess
EMP0221,Okta,User
EMP0221,Salesforce,StandardUser
EMP0222,AD,User
EMP0222,AWS,AdministratorAccess
EMP0222,Okta,AppAdmin
EMP0222,Salesforce,StandardUser
EMP0223,AD,User
EMP0223,AWS,Developer
EMP0223,Okta,AppAdmin
EMP0223,Salesforce,StandardUser
EMP0224,AD,User
EMP0224,AWS,Developer
EMP0224,Okta,AppAdmin
EMP0224,Salesforce,ReportManager
EMP0225,AD,HelpdeskOperator
EMP0225,AWS,AdministratorAccess
EMP0225,Okta,User
EMP0225,Salesforce,StandardUser
EMP0226,AD,HelpdeskOperator
EMP0226,AWS,Developer
EMP0226,Okta,AppAdmin
EMP0226,Salesforce,StandardUser
EMP0227,AD,HelpdeskOperator
EMP0227,AWS,Developer
EMP0227,Okta,User
EMP0227,Salesforce,ReportManager
EMP0228,AD,HelpdeskOperator
EMP0228,AWS,AdministratorAccess
EMP0228,Okta,User
EMP0228,Salesforce,StandardUser
EMP0229,AD,User
EMP0229,AWS,Developer
EMP0229,Okta,User
EMP0229,Salesforce,ReportManager
EMP0230,AD,User
EMP0230,AWS,ReadOnlyAccess
EMP0230,Okta,User
EMP0230,Salesforce,ReportManager
EMP0231,AD,HelpdeskOperator
EMP0231,AWS,Developer
EMP0231,Okta,User
EMP0231,Salesforce,ReportManager
EMP0232,AD,DomainAdmin
EMP0232,AWS,ReadOnlyAccess
EMP0232,Okta,User
EMP0232,Salesforce,ReportManager
EMP0233,AD,HelpdeskOperator
EMP0233,AWS,AdministratorAccess
EMP0233,Okta,User
EMP0233,Salesforce,ReportManager
EMP0234,AD,HelpdeskOperator
EMP0234,AWS,Developer
EMP0234,Okta,AppAdmin
EMP0234,Salesforce,StandardUser
EMP0235,AD,HelpdeskOperator
EMP0235,AWS,ReadOnlyAccess
EMP0235,Okta,User
EMP0235,Salesforce,StandardUser
EMP0236,AD,User
EMP0236,AWS,ReadOnlyAccess
EMP0236,Okta,AppAdmin
EMP0236,Salesforce,StandardUser
EMP0237,AD,HelpdeskOperator
EMP0237,AWS,AdministratorAccess
EMP0237,Okta,User
EMP0237,Salesforce,ReportManager
EMP0238,AD,HelpdeskOperator
EMP0238,AWS,ReadOnlyAccess
EMP0238,Okta,AppAdmin
EMP0238,Salesforce,StandardUser
EMP0239,AD,User
EMP0239,AWS,ReadOnlyAccess
EMP0239,Okta,User
EMP0239,Salesforce,SystemAdministrator
EMP0240,AD,HelpdeskOperator
EMP0240,AWS,Developer
EMP0240,Okta,User
EMP0240,Salesforce,StandardUser
EMP0241,AD,User
EMP0241,AWS,ReadOnlyAccess
EMP0241,Okta,AppAdmin
EMP0241,Salesforce,StandardUser
EMP0242,AD,HelpdeskOperator
EMP0242,AWS,Developer
EMP0242,Okta,User
EMP0242,Salesforce,ReportManager
EMP0243,AD,User
EMP0243,AWS,ReadOnlyAccess
EMP0243,Okta,User
EMP0243,Salesforce,ReportManager
EMP0244,AD,DomainAdmin
EMP0244,AWS,AdministratorAccess
EMP0244,Okta,User
EMP0244,Salesforce,ReportManager
EMP0245,AD,HelpdeskOperator
EMP0245,AWS,Developer
EMP0245,Okta,User
EMP0245,Salesforce,ReportManager
EMP0246,AD,User
EMP0246,AWS,Developer
EMP0246,Okta,SuperAdmin
EMP0246,Salesforce,StandardUser
EMP0247,AD,User
EMP0247,AWS,AdministratorAccess
EMP0247,Okta,AppAdmin
EMP0247,Salesforce,ReportManager
EMP0248,AD,HelpdeskOperator
EMP0248,AWS,ReadOnlyAccess
EMP0248,Okta,User
EMP0248,Salesforce,ReportManager
EMP0249,AD,DomainAdmin
EMP0249,AWS,AdministratorAccess
EMP0249,Okta,SuperAdmin
EMP0249,Salesforce,ReportManager
EMP0250,AD,User
EMP0250,AWS,AdministratorAccess
EMP0250,Okta,User
EMP0250,Salesforce,ReportManager
EMP0251,AD,HelpdeskOperator
EMP0251,AWS,ReadOnlyAccess
EMP0251,Okta,User
EMP0251,Salesforce,StandardUser
EMP0252,AD,DomainAdmin
EMP0252,AWS,Developer
EMP0252,Okta,User
EMP0252,Salesforce,StandardUser
EMP0253,AD,User
EMP0253,AWS,AdministratorAccess
EMP0253,Okta,AppAdmin
EMP0253,Salesforce,StandardUser
EMP0254,AD,HelpdeskOperator
EMP0254,AWS,Developer
EMP0254,Okta,User
EMP0254,Salesforce,StandardUser
EMP0255,AD,HelpdeskOperator
EMP0255,AWS,ReadOnlyAccess
EMP0255,Okta,User
EMP0255,Salesforce,SystemAdministrator
EMP0256,AD,DomainAdmin
EMP0256,AWS,Developer
EMP0256,Okta,AppAdmin
EMP0256,Salesforce,StandardUser
EMP0257,AD,HelpdeskOperator
EMP0257,AWS,Developer
EMP0257,Okta,AppAdmin
EMP0257,Salesforce,ReportManager
EMP0258,AD,User
EMP0258,AWS,AdministratorAccess
EMP0258,Okta,SuperAdmin
EMP0258,Salesforce,StandardUser
EMP0259,AD,User
EMP0259,AWS,ReadOnlyAccess
EMP0259,Okta,User
EMP0259,Salesforce,SystemAdministrator
EMP0260,AD,User
EMP0260,AWS,ReadOnlyAccess
EMP0260,Okta,AppAdmin
EMP0260,Salesforce,ReportManager
EMP0261,AD,HelpdeskOperator
EMP0261,AWS,Developer
EMP0261,Okta,User
EMP0261,Salesforce,StandardUser
EMP0262,AD,HelpdeskOperator
EMP0262,AWS,Developer
EMP0262,Okta,User
EMP0262,Salesforce,StandardUser
EMP0263,AD,HelpdeskOperator
EMP0263,AWS,Developer
EMP0263,Okta,AppAdmin
EMP0263,Salesforce,SystemAdministrator
EMP0264,AD,HelpdeskOperator
EMP0264,AWS,Developer
EMP0264,Okta,AppAdmin
EMP0264,Salesforce,ReportManager
EMP0265,AD,HelpdeskOperator
EMP0265,AWS,ReadOnlyAccess
EMP0265,Okta,User
EMP0265,Salesforce,StandardUser
EMP0266,AD,HelpdeskOperator
EMP0266,AWS,ReadOnlyAccess
EMP0266,Okta,User
EMP0266,Salesforce,StandardUser
EMP0267,AD,User
EMP0267,AWS,Developer
EMP0267,Okta,AppAdmin
EMP0267,Salesforce,ReportManager
EMP0268,AD,User
EMP0268,AWS,ReadOnlyAccess
EMP0268,Okta,AppAdmin
EMP0268,Salesforce,StandardUser
EMP0269,AD,User
EMP0269,AWS,AdministratorAccess
EMP0269,Okta,AppAdmin
EMP0269,Salesforce,ReportManager
EMP0270,AD,User
EMP0270,AWS,AdministratorAccess
EMP0270,Okta,SuperAdmin
EMP0270,Salesforce,StandardUser
EMP0271,AD,User
EMP0271,AWS,ReadOnlyAccess
EMP0271,Okta,User
EMP0271,Salesforce,StandardUser
EMP0272,AD,DomainAdmin
EMP0272,AWS,Developer
EMP0272,Okta,AppAdmin
EMP0272,Salesforce,ReportManager
EMP0273,AD,User
EMP0273,AWS,Developer
EMP0273,Okta,User
EMP0273,Salesforce,StandardUser
EMP0274,AD,User
EMP0274,AWS,Developer
EMP0274,Okta,User
EMP0274,Salesforce,ReportManager
EMP0275,AD,HelpdeskOperator
EMP0275,AWS,ReadOnlyAccess
EMP0275,Okta,User
EMP0275,Salesforce,ReportManager
EMP0276,AD,User
EMP0276,AWS,Developer
EMP0276,Okta,User
EMP0276,Salesforce,ReportManager
EMP0277,AD,User
EMP0277,AWS,AdministratorAccess
EMP0277,Okta,AppAdmin
EMP0277,Salesforce,StandardUser
EMP0278,AD,User
EMP0278,AWS,Developer
EMP0278,Okta,User
EMP0278,Salesforce,ReportManager
EMP0279,AD,User
EMP0279,AWS,Developer
EMP0279,Okta,User
EMP0279,Salesforce,ReportManager
EMP0280,AD,User
EMP0280,AWS,AdministratorAccess
EMP0280,Okta,User
EMP0280,Salesforce,StandardUser
EMP0281,AD,User
EMP0281,AWS,AdministratorAccess
EMP0281,Okta,User
EMP0281,Salesforce,ReportManager
EMP0282,AD,HelpdeskOperator
EMP0282,AWS,AdministratorAccess
EMP0282,Okta,AppAdmin
EMP0282,Salesforce,ReportManager
EMP0283,AD,HelpdeskOperator
EMP0283,AWS,Developer
EMP0283,Okta,User
EMP0283,Salesforce,ReportManager
EMP0284,AD,HelpdeskOperator
EMP0284,AWS,AdministratorAccess
EMP0284,Okta,AppAdmin
EMP0284,Salesforce,SystemAdministrator
EMP0285,AD,User
EMP0285,AWS,AdministratorAccess
EMP0285,Okta,User
EMP0285,Salesforce,ReportManager
EMP0286,AD,User
EMP0286,AWS,ReadOnlyAccess
EMP0286,Okta,AppAdmin
EMP0286,Salesforce,ReportManager
EMP0287,AD,HelpdeskOperator
EMP0287,AWS,Developer
EMP0287,Okta,AppAdmin
EMP0287,Salesforce,SystemAdministrator
EMP0288,AD,HelpdeskOperator
EMP0288,AWS,Developer
EMP0288,Okta,AppAdmin
EMP0288,Salesforce,ReportManager
EMP0289,AD,User
EMP0289,AWS,ReadOnlyAccess
EMP0289,Okta,AppAdmin
EMP0289,Salesforce,ReportManager
EMP0290,AD,HelpdeskOperator
EMP0290,AWS,AdministratorAccess
EMP0290,Okta,AppAdmin
EMP0290,Salesforce,StandardUser
EMP0291,AD,HelpdeskOperator
EMP0291,AWS,Developer
EMP0291,Okta,User
EMP0291,Salesforce,SystemAdministrator
EMP0292,AD,User
EMP0292,AWS,ReadOnlyAccess
EMP0292,Okta,AppAdmin
EMP0292,Salesforce,StandardUser
EMP0293,AD,HelpdeskOperator
EMP0293,AWS,AdministratorAccess
EMP0293,Okta,User
EMP0293,Salesforce,StandardUser
EMP0294,AD,User
EMP0294,AWS,ReadOnlyAccess
EMP0294,Okta,SuperAdmin
EMP0294,Salesforce,ReportManager
EMP0295,AD,HelpdeskOperator
EMP0295,AWS,Developer
EMP0295,Okta,AppAdmin
EMP0295,Salesforce,StandardUser
EMP0296,AD,HelpdeskOperator
EMP0296,AWS,Developer
EMP0296,Okta,AppAdmin
EMP0296,Salesforce,StandardUser
EMP0297,AD,User
EMP0297,AWS,AdministratorAccess
EMP0297,Okta,User
EMP0297,Salesforce,StandardUser
EMP0298,AD,User
EMP0298,AWS,AdministratorAccess
EMP0298,Okta,AppAdmin
EMP0298,Salesforce,StandardUser
EMP0299,AD,HelpdeskOperator
EMP0299,AWS,ReadOnlyAccess
EMP0299,Okta,AppAdmin
EMP0299,Salesforce,SystemAdministrator
EMP0300,AD,User
EMP0300,AWS,Developer
EMP0300,Okta,User
EMP0300,Salesforce,StandardUser
EMP0301,AD,User
EMP0301,AWS,ReadOnlyAccess
EMP0301,Okta,User
EMP0301,Salesforce,StandardUser
EMP0302,AD,HelpdeskOperator
EMP0302,AWS,ReadOnlyAccess
EMP0302,Okta,AppAdmin
EMP0302,Salesforce,StandardUser
EMP0303,AD,User
EMP0303,AWS,Developer
EMP0303,Okta,AppAdmin
EMP0303,Salesforce,ReportManager
EMP0304,AD,User
EMP0304,AWS,ReadOnlyAccess
EMP0304,Okta,AppAdmin
EMP0304,Salesforce,ReportManager
EMP0305,AD,User
EMP0305,AWS,AdministratorAccess
EMP0305,Okta,SuperAdmin
EMP0305,Salesforce,SystemAdministrator
EMP0306,AD,HelpdeskOperator
EMP0306,AWS,Developer
EMP0306,Okta,User
EMP0306,Salesforce,ReportManager
EMP0307,AD,HelpdeskOperator
EMP0307,AWS,ReadOnlyAccess
EMP0307,Okta,AppAdmin
EMP0307,Salesforce,SystemAdministrator
EMP0308,AD,DomainAdmin
EMP0308,AWS,ReadOnlyAccess
EMP0308,Okta,AppAdmin
EMP0308,Salesforce,ReportManager
EMP0309,AD,User
EMP0309,AWS,ReadOnlyAccess
EMP0309,Okta,User
EMP0309,Salesforce,StandardUser
EMP0310,AD,HelpdeskOperator
EMP0310,AWS,AdministratorAccess
EMP0310,Okta,AppAdmin
EMP0310,Salesforce,StandardUser
EMP0311,AD,HelpdeskOperator
EMP0311,AWS,Developer
EMP0311,Okta,AppAdmin
EMP0311,Salesforce,ReportManager
EMP0312,AD,HelpdeskOperator
EMP0312,AWS,ReadOnlyAccess
EMP0312,Okta,User
EMP0312,Salesforce,ReportManager
EMP0313,AD,HelpdeskOperator
EMP0313,AWS,AdministratorAccess
EMP0313,Okta,AppAdmin
EMP0313,Salesforce,ReportManager
EMP0314,AD,HelpdeskOperator
EMP0314,AWS,Developer
EMP0314,Okta,User
EMP0314,Salesforce,StandardUser
EMP0315,AD,User
EMP0315,AWS,ReadOnlyAccess
EMP0315,Okta,AppAdmin
EMP0315,Salesforce,ReportManager
EMP0316,AD,DomainAdmin
EMP0316,AWS,ReadOnlyAccess
EMP0316,Okta,AppAdmin
EMP0316,Salesforce,StandardUser
EMP0317,AD,User
EMP0317,AWS,ReadOnlyAccess
EMP0317,Okta,AppAdmin
EMP0317,Salesforce,ReportManager
EMP0318,AD,User
EMP0318,AWS,AdministratorAccess
EMP0318,Okta,User
EMP0318,Salesforce,StandardUser
EMP0319,AD,User
EMP0319,AWS,Developer
EMP0319,Okta,AppAdmin
EMP0319,Salesforce,StandardUser
EMP0320,AD,User
EMP0320,AWS,ReadOnlyAccess
EMP0320,Okta,AppAdmin
EMP0320,Salesforce,StandardUser
EMP0321,AD,User
EMP0321,AWS,Developer
EMP0321,Okta,AppAdmin
EMP0321,Salesforce,StandardUser
EMP0322,AD,HelpdeskOperator
EMP0322,AWS,Developer
EMP0322,Okta,User
EMP0322,Salesforce,ReportManager
EMP0323,AD,User
EMP0323,AWS,Developer
EMP0323,Okta,AppAdmin
EMP0323,Salesforce,StandardUser
EMP0324,AD,HelpdeskOperator
EMP0324,AWS,Developer
EMP0324,Okta,AppAdmin
EMP0324,Salesforce,StandardUser
EMP0325,AD,User
EMP0325,AWS,AdministratorAccess
EMP0325,Okta,AppAdmin
EMP0325,Salesforce,ReportManager
EMP0326,AD,HelpdeskOperator
EMP0326,AWS,ReadOnlyAccess
EMP0326,Okta,AppAdmin
EMP0326,Salesforce,ReportManager
EMP0327,AD,User
EMP0327,AWS,Developer
EMP0327,Okta,AppAdmin
EMP0327,Salesforce,StandardUser
EMP0328,AD,HelpdeskOperator
EMP0328,AWS,Developer
EMP0328,Okta,AppAdmin
EMP0328,Salesforce,StandardUser
EMP0329,AD,User
EMP0329,AWS,Developer
EMP0329,Okta,User
EMP0329,Salesforce,StandardUser
EMP0330,AD,HelpdeskOperator
EMP0330,AWS,ReadOnlyAccess
EMP0330,Okta,AppAdmin
EMP0330,Salesforce,StandardUser
EMP0331,AD,User
EMP0331,AWS,Developer
EMP0331,Okta,User
EMP0331,Salesforce,ReportManager
EMP0332,AD,HelpdeskOperator
EMP0332,AWS,AdministratorAccess
EMP0332,Okta,AppAdmin
EMP0332,Salesforce,StandardUser
EMP0333,AD,HelpdeskOperator
EMP0333,AWS,Developer
EMP0333,Okta,User
EMP0333,Salesforce,StandardUser
EMP0334,AD,HelpdeskOperator
EMP0334,AWS,Developer
EMP0334,Okta,AppAdmin
EMP0334,Salesforce,StandardUser
EMP0335,AD,HelpdeskOperator
EMP0335,AWS,ReadOnlyAccess
EMP0335,Okta,AppAdmin
EMP0335,Salesforce,ReportManager
EMP0336,AD,HelpdeskOperator
EMP0336,AWS,AdministratorAccess
EMP0336,Okta,AppAdmin
EMP0336,Salesforce,ReportManager
EMP0337,AD,User
EMP0337,AWS,AdministratorAccess
EMP0337,Okta,AppAdmin
EMP0337,Salesforce,ReportManager
EMP0338,AD,HelpdeskOperator
EMP0338,AWS,Developer
EMP0338,Okta,SuperAdmin
EMP0338,Salesforce,ReportManager
EMP0339,AD,HelpdeskOperator
EMP0339,AWS,Developer
EMP0339,Okta,User
EMP0339,Salesforce,StandardUser
EMP0340,AD,DomainAdmin
EMP0340,AWS,ReadOnlyAccess
EMP0340,Okta,AppAdmin
EMP0340,Salesforce,StandardUser
EMP0341,AD,HelpdeskOperator
EMP0341,AWS,AdministratorAccess
EMP0341,Okta,User
EMP0341,Salesforce,ReportManager
EMP0342,AD,HelpdeskOperator
EMP0342,AWS,AdministratorAccess
EMP0342,Okta,User
EMP0342,Salesforce,StandardUser
EMP0343,AD,DomainAdmin
EMP0343,AWS,AdministratorAccess
EMP0343,Okta,SuperAdmin
EMP0343,Salesforce,StandardUser
EMP0344,AD,DomainAdmin
EMP0344,AWS,Developer
EMP0344,Okta,AppAdmin
EMP0344,Salesforce,ReportManager
EMP0345,AD,HelpdeskOperator
EMP0345,AWS,Developer
EMP0345,Okta,User
EMP0345,Salesforce,StandardUser
EMP0346,AD,User
EMP0346,AWS,Developer
EMP0346,Okta,SuperAdmin
EMP0346,Salesforce,StandardUser
EMP0347,AD,HelpdeskOperator
EMP0347,AWS,Developer
EMP0347,Okta,AppAdmin
EMP0347,Salesforce,SystemAdministrator
EMP0348,AD,DomainAdmin
EMP0348,AWS,Developer
EMP0348,Okta,AppAdmin
EMP0348,Salesforce,ReportManager
EMP0349,AD,HelpdeskOperator
EMP0349,AWS,ReadOnlyAccess
EMP0349,Okta,AppAdmin
EMP0349,Salesforce,ReportManager
EMP0350,AD,User
EMP0350,AWS,Developer
EMP0350,Okta,User
EMP0350,Salesforce,StandardUser
