account_id,employee_id,platform,username,account_status
AD0001,EMP0001,AD,user1.ad,Disabled
AWS0001,EMP0001,AWS,u1_aws,Active
OK0001,EMP0001,Okta,user1@corp.com,Active
SF0001,EMP0001,Salesforce,sf_user1,Active
GH0001,EMP0001,GitHub,gh1,Active
AD0002,EMP0002,AD,user2.ad,Disabled
AWS0002,EMP0002,AWS,u2_aws,Active
OK0002,EMP0002,Okta,user2@corp.com,Active
SF0002,EMP0002,Salesforce,sf_user2,Active
GH0002,EMP0002,GitHub,gh2,Active
AD0003,EMP0003,AD,user3.ad,Disabled
AWS0003,EMP0003,AWS,u3_aws,Active
OK0003,EMP0003,Okta,user3@corp.com,Active
SF0003,EMP0003,Salesforce,sf_user3,Active
GH0003,EMP0003,GitHub,gh3,Active
AD0004,EMP0004,AD,user4.ad,Disabled
AWS0004,EMP0004,AWS,u4_aws,Active
OK0004,EMP0004,Okta,user4@corp.com,Active
SF0004,EMP0004,Salesforce,sf_user4,Active
GH0004,EMP0004,GitHub,gh4,Active
AD0005,EMP0005,AD,user5.ad,Disabled
AWS0005,EMP0005,AWS,u5_aws,Active
OK0005,EMP0005,Okta,user5@corp.com,Active
SF0005,EMP0005,Salesforce,sf_user5,Active
GH0005,EMP0005,GitHub,gh5,Active
AD0006,EMP0006,AD,user6.ad,Disabled
AWS0006,EMP0006,AWS,u6_aws,Active
OK0006,EMP0006,Okta,user6@corp.com,Active
SF0006,EMP0006,Salesforce,sf_user6,Active
GH0006,EMP0006,GitHub,gh6,Active
AD0007,EMP0007,AD,user7.ad,Disabled
AWS0007,EMP0007,AWS,u7_aws,Active
OK0007,EMP0007,Okta,user7@corp.com,Active
SF0007,EMP0007,Salesforce,sf_user7,Active
GH0007,EMP0007,GitHub,gh7,Active
AD0008,EMP0008,AD,user8.ad,Disabled
AWS0008,EMP0008,AWS,u8_aws,Active
OK0008,EMP0008,Okta,user8@corp.com,Active
SF0008,EMP0008,Salesforce,sf_user8,Active
GH0008,EMP0008,GitHub,gh8,Active
AD0009,EMP0009,AD,user9.ad,Disabled
AWS0009,EMP0009,AWS,u9_aws,Active
OK0009,EMP0009,Okta,user9@corp.com,Active
SF0009,EMP0009,Salesforce,sf_user9,Active
GH0009,EMP0009,GitHub,gh9,Active
AD0010,EMP0010,AD,user10.ad,Disabled
AWS0010,EMP0010,AWS,u10_aws,Active
OK0010,EMP0010,Okta,user10@corp.com,Active
SF0010,EMP0010,Salesforce,sf_user10,Active
GH0010,EMP0010,GitHub,gh10,Active
AD0011,EMP0011,AD,user11.ad,Disabled
AWS0011,EMP0011,AWS,u11_aws,Active
OK0011,EMP0011,Okta,user11@corp.com,Active
SF0011,EMP0011,Salesforce,sf_user11,Active
GH0011,EMP0011,GitHub,gh11,Active
AD0012,EMP0012,AD,user12.ad,Disabled
AWS0012,EMP0012,AWS,u12_aws,Active
OK0012,EMP0012,Okta,user12@corp.com,Active
SF0012,EMP0012,Salesforce,sf_user12,Active
GH0012,EMP0012,GitHub,gh12,Active
AD0013,EMP0013,AD,user13.ad,Disabled
AWS0013,EMP0013,AWS,u13_aws,Active
OK0013,EMP0013,Okta,user13@corp.com,Active
SF0013,EMP0013,Salesforce,sf_user13,Active
GH0013,EMP0013,GitHub,gh13,Active
AD0014,EMP0014,AD,user14.ad,Disabled
AWS0014,EMP0014,AWS,u14_aws,Active
OK0014,EMP0014,Okta,user14@corp.com,Active
SF0014,EMP0014,Salesforce,sf_user14,Active
GH0014,EMP0014,GitHub,gh14,Active
AD0015,EMP0015,AD,user15.ad,Disabled
AWS0015,EMP0015,AWS,u15_aws,Active
OK0015,EMP0015,Okta,user15@corp.com,Active
SF0015,EMP0015,Salesforce,sf_user15,Active
GH0015,EMP0015,GitHub,gh15,Active
AD0016,EMP0016,AD,user16.ad,Disabled
AWS0016,EMP0016,AWS,u16_aws,Active
OK0016,EMP0016,Okta,user16@corp.com,Active
SF0016,EMP0016,Salesforce,sf_user16,Active
GH0016,EMP0016,GitHub,gh16,Active
AD0017,EMP0017,AD,user17.ad,Disabled
AWS0017,EMP0017,AWS,u17_aws,Active
OK0017,EMP0017,Okta,user17@corp.com,Active
SF0017,EMP0017,Salesforce,sf_user17,Active
GH0017,EMP0017,GitHub,gh17,Active
AD0018,EMP0018,AD,user18.ad,Disabled
AWS0018,EMP0018,AWS,u18_aws,Active
OK0018,EMP0018,Okta,user18@corp.com,Active
SF0018,EMP0018,Salesforce,sf_user18,Active
GH0018,EMP0018,GitHub,gh18,Active
AD0019,EMP0019,AD,user19.ad,Disabled
AWS0019,EMP0019,AWS,u19_aws,Active
OK0019,EMP0019,Okta,user19@corp.com,Active
SF0019,EMP0019,Salesforce,sf_user19,Active
GH0019,EMP0019,GitHub,gh19,Active
AD0020,EMP0020,AD,user20.ad,Disabled
AWS0020,EMP0020,AWS,u20_aws,Active
OK0020,EMP0020,Okta,user20@corp.com,Active
SF0020,EMP0020,Salesforce,sf_user20,Active
GH0020,EMP0020,GitHub,gh20,Active
AD0021,EMP0021,AD,user21.ad,Disabled
AWS0021,EMP0021,AWS,u21_aws,Active
OK0021,EMP0021,Okta,user21@corp.com,Active
SF0021,EMP0021,Salesforce,sf_user21,Active
GH0021,EMP0021,GitHub,gh21,Active
AD0022,EMP0022,AD,user22.ad,Disabled
AWS0022,EMP0022,AWS,u22_aws,Active
OK0022,EMP0022,Okta,user22@corp.com,Active
SF0022,EMP0022,Salesforce,sf_user22,Active
GH0022,EMP0022,GitHub,gh22,Active
AD0023,EMP0023,AD,user23.ad,Disabled
AWS0023,EMP0023,AWS,u23_aws,Active
OK0023,EMP0023,Okta,user23@corp.com,Active
SF0023,EMP0023,Salesforce,sf_user23,Active
GH0023,EMP0023,GitHub,gh23,Active
AD0024,EMP0024,AD,user24.ad,Disabled
AWS0024,EMP0024,AWS,u24_aws,Active
OK0024,EMP0024,Okta,user24@corp.com,Active
SF0024,EMP0024,Salesforce,sf_user24,Active
GH0024,EMP0024,GitHub,gh24,Active
AD0025,EMP0025,AD,user25.ad,Disabled
AWS0025,EMP0025,AWS,u25_aws,Active
OK0025,EMP0025,Okta,user25@corp.com,Active
SF0025,EMP0025,Salesforce,sf_user25,Active
GH0025,EMP0025,GitHub,gh25,Active
AD0026,EMP0026,AD,user26.ad,Disabled
AWS0026,EMP0026,AWS,u26_aws,Active
OK0026,EMP0026,Okta,user26@corp.com,Active
SF0026,EMP0026,Salesforce,sf_user26,Active
GH0026,EMP0026,GitHub,gh26,Active
AD0027,EMP0027,AD,user27.ad,Disabled
AWS0027,EMP0027,AWS,u27_aws,Active
OK0027,EMP0027,Okta,user27@corp.com,Active
SF0027,EMP0027,Salesforce,sf_user27,Active
GH0027,EMP0027,GitHub,gh27,Active
AD0028,EMP0028,AD,user28.ad,Disabled
AWS0028,EMP0028,AWS,u28_aws,Active
OK0028,EMP0028,Okta,user28@corp.com,Active
SF0028,EMP0028,Salesforce,sf_user28,Active
GH0028,EMP0028,GitHub,gh28,Active
AD0029,EMP0029,AD,user29.ad,Disabled
AWS0029,EMP0029,AWS,u29_aws,Active
OK0029,EMP0029,Okta,user29@corp.com,Active
SF0029,EMP0029,Salesforce,sf_user29,Active
GH0029,EMP0029,GitHub,gh29,Active
AD0030,EMP0030,AD,user30.ad,Disabled
AWS0030,EMP0030,AWS,u30_aws,Active
OK0030,EMP0030,Okta,user30@corp.com,Active
SF0030,EMP0030,Salesforce,sf_user30,Active
GH0030,EMP0030,GitHub,gh30,Active
AD0031,EMP0031,AD,user31.ad,Disabled
AWS0031,EMP0031,AWS,u31_aws,Active
OK0031,EMP0031,Okta,user31@corp.com,Active
SF0031,EMP0031,Salesforce,sf_user31,Active
GH0031,EMP0031,GitHub,gh31,Active
AD0032,EMP0032,AD,user32.ad,Disabled
AWS0032,EMP0032,AWS,u32_aws,Active
OK0032,EMP0032,Okta,user32@corp.com,Active
SF0032,EMP0032,Salesforce,sf_user32,Active
GH0032,EMP0032,GitHub,gh32,Active
AD0033,EMP0033,AD,user33.ad,Disabled
AWS0033,EMP0033,AWS,u33_aws,Active
OK0033,EMP0033,Okta,user33@corp.com,Active
SF0033,EMP0033,Salesforce,sf_user33,Active
GH0033,EMP0033,GitHub,gh33,Active
AD0034,EMP0034,AD,user34.ad,Disabled
AWS0034,EMP0034,AWS,u34_aws,Active
OK0034,EMP0034,Okta,user34@corp.com,Active
SF0034,EMP0034,Salesforce,sf_user34,Active
GH0034,EMP0034,GitHub,gh34,Active
AD0035,EMP0035,AD,user35.ad,Disabled
AWS0035,EMP0035,AWS,u35_aws,Active
OK0035,EMP0035,Okta,user35@corp.com,Active
SF0035,EMP0035,Salesforce,sf_user35,Active
GH0035,EMP0035,GitHub,gh35,Active
AD0036,EMP0036,AD,user36.ad,Disabled
AWS0036,EMP0036,AWS,u36_aws,Active
OK0036,EMP0036,Okta,user36@corp.com,Active
SF0036,EMP0036,Salesforce,sf_user36,Active
GH0036,EMP0036,GitHub,gh36,Active
AD0037,EMP0037,AD,user37.ad,Disabled
AWS0037,EMP0037,AWS,u37_aws,Active
OK0037,EMP0037,Okta,user37@corp.com,Active
SF0037,EMP0037,Salesforce,sf_user37,Active
GH0037,EMP0037,GitHub,gh37,Active
AD0038,EMP0038,AD,user38.ad,Disabled
AWS0038,EMP0038,AWS,u38_aws,Active
OK0038,EMP0038,Okta,user38@corp.com,Active
SF0038,EMP0038,Salesforce,sf_user38,Active
GH0038,EMP0038,GitHub,gh38,Active
AD0039,EMP0039,AD,user39.ad,Disabled
AWS0039,EMP0039,AWS,u39_aws,Active
OK0039,EMP0039,Okta,user39@corp.com,Active
SF0039,EMP0039,Salesforce,sf_user39,Active
GH0039,EMP0039,GitHub,gh39,Active
AD0040,EMP0040,AD,user40.ad,Disabled
AWS0040,EMP0040,AWS,u40_aws,Active
OK0040,EMP0040,Okta,user40@corp.com,Active
SF0040,EMP0040,Salesforce,sf_user40,Active
GH0040,EMP0040,GitHub,gh40,Active
AD0041,EMP0041,AD,user41.ad,Disabled
AWS0041,EMP0041,AWS,u41_aws,Active
OK0041,EMP0041,Okta,user41@corp.com,Active
SF0041,EMP0041,Salesforce,sf_user41,Active
GH0041,EMP0041,GitHub,gh41,Active
AD0042,EMP0042,AD,user42.ad,Disabled
AWS0042,EMP0042,AWS,u42_aws,Active
OK0042,EMP0042,Okta,user42@corp.com,Active
SF0042,EMP0042,Salesforce,sf_user42,Active
GH0042,EMP0042,GitHub,gh42,Active
AD0043,EMP0043,AD,user43.ad,Disabled
AWS0043,EMP0043,AWS,u43_aws,Active
OK0043,EMP0043,Okta,user43@corp.com,Active
SF0043,EMP0043,Salesforce,sf_user43,Active
GH0043,EMP0043,GitHub,gh43,Active
AD0044,EMP0044,AD,user44.ad,Disabled
AWS0044,EMP0044,AWS,u44_aws,Active
OK0044,EMP0044,Okta,user44@corp.com,Active
SF0044,EMP0044,Salesforce,sf_user44,Active
GH0044,EMP0044,GitHub,gh44,Active
AD0045,EMP0045,AD,user45.ad,Disabled
AWS0045,EMP0045,AWS,u45_aws,Active
OK0045,EMP0045,Okta,user45@corp.com,Active
SF0045,EMP0045,Salesforce,sf_user45,Active
GH0045,EMP0045,GitHub,gh45,Active
AD0046,EMP0046,AD,user46.ad,Disabled
AWS0046,EMP0046,AWS,u46_aws,Active
OK0046,EMP0046,Okta,user46@corp.com,Active
SF0046,EMP0046,Salesforce,sf_user46,Active
GH0046,EMP0046,GitHub,gh46,Active
AD0047,EMP0047,AD,user47.ad,Disabled
AWS0047,EMP0047,AWS,u47_aws,Active
OK0047,EMP0047,Okta,user47@corp.com,Active
SF0047,EMP0047,Salesforce,sf_user47,Active
GH0047,EMP0047,GitHub,gh47,Active
AD0048,EMP0048,AD,user48.ad,Disabled
AWS0048,EMP0048,AWS,u48_aws,Active
OK0048,EMP0048,Okta,user48@corp.com,Active
SF0048,EMP0048,Salesforce,sf_user48,Active
GH0048,EMP0048,GitHub,gh48,Active
AD0049,EMP0049,AD,user49.ad,Disabled
AWS0049,EMP0049,AWS,u49_aws,Active
OK0049,EMP0049,Okta,user49@corp.com,Active
SF0049,EMP0049,Salesforce,sf_user49,Active
GH0049,EMP0049,GitHub,gh49,Active
AD0050,EMP0050,AD,user50.ad,Disabled
AWS0050,EMP0050,AWS,u50_aws,Active
OK0050,EMP0050,Okta,user50@corp.com,Active
SF0050,EMP0050,Salesforce,sf_user50,Active
GH0050,EMP0050,GitHub,gh50,Active
AD0051,EMP0051,AD,user51.ad,Disabled
AWS0051,EMP0051,AWS,u51_aws,Disabled
OK0051,EMP0051,Okta,user51@corp.com,Disabled
SF0051,EMP0051,Salesforce,sf_user51,Disabled
GH0051,EMP0051,GitHub,gh51,Disabled
AD0052,EMP0052,AD,user52.ad,Disabled
AWS0052,EMP0052,AWS,u52_aws,Disabled
OK0052,EMP0052,Okta,user52@corp.com,Disabled
SF0052,EMP0052,Salesforce,sf_user52,Disabled
GH0052,EMP0052,GitHub,gh52,Disabled
AD0053,EMP0053,AD,user53.ad,Disabled
AWS0053,EMP0053,AWS,u53_aws,Disabled
OK0053,EMP0053,Okta,user53@corp.com,Disabled
SF0053,EMP0053,Salesforce,sf_user53,Disabled
GH0053,EMP0053,GitHub,gh53,Disabled
AD0054,EMP0054,AD,user54.ad,Disabled
AWS0054,EMP0054,AWS,u54_aws,Disabled
OK0054,EMP0054,Okta,user54@corp.com,Disabled
SF0054,EMP0054,Salesforce,sf_user54,Disabled
GH0054,EMP0054,GitHub,gh54,Disabled
AD0055,EMP0055,AD,user55.ad,Disabled
AWS0055,EMP0055,AWS,u55_aws,Disabled
OK0055,EMP0055,Okta,user55@corp.com,Disabled
SF0055,EMP0055,Salesforce,sf_user55,Disabled
GH0055,EMP0055,GitHub,gh55,Disabled
AD0056,EMP0056,AD,user56.ad,Disabled
AWS0056,EMP0056,AWS,u56_aws,Disabled
OK0056,EMP0056,Okta,user56@corp.com,Disabled
SF0056,EMP0056,Salesforce,sf_user56,Disabled
GH0056,EMP0056,GitHub,gh56,Disabled
AD0057,EMP0057,AD,user57.ad,Disabled
AWS0057,EMP0057,AWS,u57_aws,Disabled
OK0057,EMP0057,Okta,user57@corp.com,Disabled
SF0057,EMP0057,Salesforce,sf_user57,Disabled
GH0057,EMP0057,GitHub,gh57,Disabled
AD0058,EMP0058,AD,user58.ad,Disabled
AWS0058,EMP0058,AWS,u58_aws,Disabled
OK0058,EMP0058,Okta,user58@corp.com,Disabled
SF0058,EMP0058,Salesforce,sf_user58,Disabled
GH0058,EMP0058,GitHub,gh58,Disabled
AD0059,EMP0059,AD,user59.ad,Disabled
AWS0059,EMP0059,AWS,u59_aws,Disabled
OK0059,EMP0059,Okta,user59@corp.com,Disabled
SF0059,EMP0059,Salesforce,sf_user59,Disabled
GH0059,EMP0059,GitHub,gh59,Disabled
AD0060,EMP0060,AD,user60.ad,Disabled
AWS0060,EMP0060,AWS,u60_aws,Disabled
OK0060,EMP0060,Okta,user60@corp.com,Disabled
SF0060,EMP0060,Salesforce,sf_user60,Disabled
GH0060,EMP0060,GitHub,gh60,Disabled
AD0061,EMP0061,AD,user61.ad,Disabled
AWS0061,EMP0061,AWS,u61_aws,Disabled
OK0061,EMP0061,Okta,user61@corp.com,Disabled
SF0061,EMP0061,Salesforce,sf_user61,Disabled
GH0061,EMP0061,GitHub,gh61,Disabled
AD0062,EMP0062,AD,user62.ad,Disabled
AWS0062,EMP0062,AWS,u62_aws,Disabled
OK0062,EMP0062,Okta,user62@corp.com,Disabled
SF0062,EMP0062,Salesforce,sf_user62,Disabled
GH0062,EMP0062,GitHub,gh62,Disabled
AD0063,EMP0063,AD,user63.ad,Disabled
AWS0063,EMP0063,AWS,u63_aws,Disabled
OK0063,EMP0063,Okta,user63@corp.com,Disabled
SF0063,EMP0063,Salesforce,sf_user63,Disabled
GH0063,EMP0063,GitHub,gh63,Disabled
AD0064,EMP0064,AD,user64.ad,Disabled
AWS0064,EMP0064,AWS,u64_aws,Disabled
OK0064,EMP0064,Okta,user64@corp.com,Disabled
SF0064,EMP0064,Salesforce,sf_user64,Disabled
GH0064,EMP0064,GitHub,gh64,Disabled
AD0065,EMP0065,AD,user65.ad,Disabled
AWS0065,EMP0065,AWS,u65_aws,Disabled
OK0065,EMP0065,Okta,user65@corp.com,Disabled
SF0065,EMP0065,Salesforce,sf_user65,Disabled
GH0065,EMP0065,GitHub,gh65,Disabled
AD0066,EMP0066,AD,user66.ad,Disabled
AWS0066,EMP0066,AWS,u66_aws,Disabled
OK0066,EMP0066,Okta,user66@corp.com,Disabled
SF0066,EMP0066,Salesforce,sf_user66,Disabled
GH0066,EMP0066,GitHub,gh66,Disabled
AD0067,EMP0067,AD,user67.ad,Disabled
AWS0067,EMP0067,AWS,u67_aws,Disabled
OK0067,EMP0067,Okta,user67@corp.com,Disabled
SF0067,EMP0067,Salesforce,sf_user67,Disabled
GH0067,EMP0067,GitHub,gh67,Disabled
AD0068,EMP0068,AD,user68.ad,Disabled
AWS0068,EMP0068,AWS,u68_aws,Disabled
OK0068,EMP0068,Okta,user68@corp.com,Disabled
SF0068,EMP0068,Salesforce,sf_user68,Disabled
GH0068,EMP0068,GitHub,gh68,Disabled
AD0069,EMP0069,AD,user69.ad,Disabled
AWS0069,EMP0069,AWS,u69_aws,Disabled
OK0069,EMP0069,Okta,user69@corp.com,Disabled
SF0069,EMP0069,Salesforce,sf_user69,Disabled
GH0069,EMP0069,GitHub,gh69,Disabled
AD0070,EMP0070,AD,user70.ad,Disabled
AWS0070,EMP0070,AWS,u70_aws,Disabled
OK0070,EMP0070,Okta,user70@corp.com,Disabled
SF0070,EMP0070,Salesforce,sf_user70,Disabled
GH0070,EMP0070,GitHub,gh70,Disabled
AD0071,EMP0071,AD,user71.ad,Disabled
AWS0071,EMP0071,AWS,u71_aws,Disabled
OK0071,EMP0071,Okta,user71@corp.com,Disabled
SF0071,EMP0071,Salesforce,sf_user71,Disabled
GH0071,EMP0071,GitHub,gh71,Disabled
AD0072,EMP0072,AD,user72.ad,Disabled
AWS0072,EMP0072,AWS,u72_aws,Disabled
OK0072,EMP0072,Okta,user72@corp.com,Disabled
SF0072,EMP0072,Salesforce,sf_user72,Disabled
GH0072,EMP0072,GitHub,gh72,Disabled
AD0073,EMP0073,AD,user73.ad,Disabled
AWS0073,EMP0073,AWS,u73_aws,Disabled
OK0073,EMP0073,Okta,user73@corp.com,Disabled
SF0073,EMP0073,Salesforce,sf_user73,Disabled
GH0073,EMP0073,GitHub,gh73,Disabled
AD0074,EMP0074,AD,user74.ad,Disabled
AWS0074,EMP0074,AWS,u74_aws,Disabled
OK0074,EMP0074,Okta,user74@corp.com,Disabled
SF0074,EMP0074,Salesforce,sf_user74,Disabled
GH0074,EMP0074,GitHub,gh74,Disabled
AD0075,EMP0075,AD,user75.ad,Disabled
AWS0075,EMP0075,AWS,u75_aws,Disabled
OK0075,EMP0075,Okta,user75@corp.com,Disabled
SF0075,EMP0075,Salesforce,sf_user75,Disabled
GH0075,EMP0075,GitHub,gh75,Disabled
AD0076,EMP0076,AD,user76.ad,Active
AWS0076,EMP0076,AWS,u76_aws,Active
OK0076,EMP0076,Okta,user76@corp.com,Active
SF0076,EMP0076,Salesforce,sf_user76,Active
GH0076,EMP0076,GitHub,gh76,Active
AD0077,EMP0077,AD,user77.ad,Active
AWS0077,EMP0077,AWS,u77_aws,Active
OK0077,EMP0077,Okta,user77@corp.com,Active
SF0077,EMP0077,Salesforce,sf_user77,Active
GH0077,EMP0077,GitHub,gh77,Active
AD0078,EMP0078,AD,user78.ad,Active
AWS0078,EMP0078,AWS,u78_aws,Active
OK0078,EMP0078,Okta,user78@corp.com,Active
SF0078,EMP0078,Salesforce,sf_user78,Active
GH0078,EMP0078,GitHub,gh78,Active
AD0079,EMP0079,AD,user79.ad,Active
AWS0079,EMP0079,AWS,u79_aws,Active
OK0079,EMP0079,Okta,user79@corp.com,Active
SF0079,EMP0079,Salesforce,sf_user79,Active
GH0079,EMP0079,GitHub,gh79,Active
AD0080,EMP0080,AD,user80.ad,Active
AWS0080,EMP0080,AWS,u80_aws,Active
OK0080,EMP0080,Okta,user80@corp.com,Active
SF0080,EMP0080,Salesforce,sf_user80,Active
GH0080,EMP0080,GitHub,gh80,Active
AD0081,EMP0081,AD,user81.ad,Active
AWS0081,EMP0081,AWS,u81_aws,Active
OK0081,EMP0081,Okta,user81@corp.com,Active
SF0081,EMP0081,Salesforce,sf_user81,Active
GH0081,EMP0081,GitHub,gh81,Active
AD0082,EMP0082,AD,user82.ad,Active
AWS0082,EMP0082,AWS,u82_aws,Active
OK0082,EMP0082,Okta,user82@corp.com,Active
SF0082,EMP0082,Salesforce,sf_user82,Active
GH0082,EMP0082,GitHub,gh82,Active
AD0083,EMP0083,AD,user83.ad,Active
AWS0083,EMP0083,AWS,u83_aws,Active
OK0083,EMP0083,Okta,user83@corp.com,Active
SF0083,EMP0083,Salesforce,sf_user83,Active
GH0083,EMP0083,GitHub,gh83,Active
AD0084,EMP0084,AD,user84.ad,Active
AWS0084,EMP0084,AWS,u84_aws,Active
OK0084,EMP0084,Okta,user84@corp.com,Active
SF0084,EMP0084,Salesforce,sf_user84,Active
GH0084,EMP0084,GitHub,gh84,Active
AD0085,EMP0085,AD,user85.ad,Active
AWS0085,EMP0085,AWS,u85_aws,Active
OK0085,EMP0085,Okta,user85@corp.com,Active
SF0085,EMP0085,Salesforce,sf_user85,Active
GH0085,EMP0085,GitHub,gh85,Active
AD0086,EMP0086,AD,user86.ad,Active
AWS0086,EMP0086,AWS,u86_aws,Active
OK0086,EMP0086,Okta,user86@corp.com,Active
SF0086,EMP0086,Salesforce,sf_user86,Active
GH0086,EMP0086,GitHub,gh86,Active
AD0087,EMP0087,AD,user87.ad,Active
AWS0087,EMP0087,AWS,u87_aws,Active
OK0087,EMP0087,Okta,user87@corp.com,Active
SF0087,EMP0087,Salesforce,sf_user87,Active
GH0087,EMP0087,GitHub,gh87,Active
AD0088,EMP0088,AD,user88.ad,Active
AWS0088,EMP0088,AWS,u88_aws,Active
OK0088,EMP0088,Okta,user88@corp.com,Active
SF0088,EMP0088,Salesforce,sf_user88,Active
GH0088,EMP0088,GitHub,gh88,Active
AD0089,EMP0089,AD,user89.ad,Active
AWS0089,EMP0089,AWS,u89_aws,Active
OK0089,EMP0089,Okta,user89@corp.com,Active
SF0089,EMP0089,Salesforce,sf_user89,Active
GH0089,EMP0089,GitHub,gh89,Active
AD0090,EMP0090,AD,user90.ad,Active
AWS0090,EMP0090,AWS,u90_aws,Active
OK0090,EMP0090,Okta,user90@corp.com,Active
SF0090,EMP0090,Salesforce,sf_user90,Active
GH0090,EMP0090,GitHub,gh90,Active
AD0091,EMP0091,AD,user91.ad,Active
AWS0091,EMP0091,AWS,u91_aws,Active
OK0091,EMP0091,Okta,user91@corp.com,Active
SF0091,EMP0091,Salesforce,sf_user91,Active
GH0091,EMP0091,GitHub,gh91,Active
AD0092,EMP0092,AD,user92.ad,Active
AWS0092,EMP0092,AWS,u92_aws,Active
OK0092,EMP0092,Okta,user92@corp.com,Active
SF0092,EMP0092,Salesforce,sf_user92,Active
GH0092,EMP0092,GitHub,gh92,Active
AD0093,EMP0093,AD,user93.ad,Active
AWS0093,EMP0093,AWS,u93_aws,Active
OK0093,EMP0093,Okta,user93@corp.com,Active
SF0093,EMP0093,Salesforce,sf_user93,Active
GH0093,EMP0093,GitHub,gh93,Active
AD0094,EMP0094,AD,user94.ad,Active
AWS0094,EMP0094,AWS,u94_aws,Active
OK0094,EMP0094,Okta,user94@corp.com,Active
SF0094,EMP0094,Salesforce,sf_user94,Active
GH0094,EMP0094,GitHub,gh94,Active
AD0095,EMP0095,AD,user95.ad,Active
AWS0095,EMP0095,AWS,u95_aws,Active
OK0095,EMP0095,Okta,user95@corp.com,Active
SF0095,EMP0095,Salesforce,sf_user95,Active
GH0095,EMP0095,GitHub,gh95,Active
AD0096,EMP0096,AD,user96.ad,Active
AWS0096,EMP0096,AWS,u96_aws,Active
OK0096,EMP0096,Okta,user96@corp.com,Active
SF0096,EMP0096,Salesforce,sf_user96,Active
GH0096,EMP0096,GitHub,gh96,Active
AD0097,EMP0097,AD,user97.ad,Active
AWS0097,EMP0097,AWS,u97_aws,Active
OK0097,EMP0097,Okta,user97@corp.com,Active
SF0097,EMP0097,Salesforce,sf_user97,Active
GH0097,EMP0097,GitHub,gh97,Active
AD0098,EMP0098,AD,user98.ad,Active
AWS0098,EMP0098,AWS,u98_aws,Active
OK0098,EMP0098,Okta,user98@corp.com,Active
SF0098,EMP0098,Salesforce,sf_user98,Active
GH0098,EMP0098,GitHub,gh98,Active
AD0099,EMP0099,AD,user99.ad,Active
AWS0099,EMP0099,AWS,u99_aws,Active
OK0099,EMP0099,Okta,user99@corp.com,Active
SF0099,EMP0099,Salesforce,sf_user99,Active
GH0099,EMP0099,GitHub,gh99,Active
AD0100,EMP0100,AD,user100.ad,Active
AWS0100,EMP0100,AWS,u100_aws,Active
OK0100,EMP0100,Okta,user100@corp.com,Active
SF0100,EMP0100,Salesforce,sf_user100,Active
GH0100,EMP0100,GitHub,gh100,Active
AD0101,EMP0101,AD,user101.ad,Active
AWS0101,EMP0101,AWS,u101_aws,Active
OK0101,EMP0101,Okta,user101@corp.com,Active
SF0101,EMP0101,Salesforce,sf_user101,Active
GH0101,EMP0101,GitHub,gh101,Active
AD0102,EMP0102,AD,user102.ad,Active
AWS0102,EMP0102,AWS,u102_aws,Active
OK0102,EMP0102,Okta,user102@corp.com,Active
SF0102,EMP0102,Salesforce,sf_user102,Active
GH0102,EMP0102,GitHub,gh102,Active
AD0103,EMP0103,AD,user103.ad,Active
AWS0103,EMP0103,AWS,u103_aws,Active
OK0103,EMP0103,Okta,user103@corp.com,Active
SF0103,EMP0103,Salesforce,sf_user103,Active
GH0103,EMP0103,GitHub,gh103,Active
AD0104,EMP0104,AD,user104.ad,Active
AWS0104,EMP0104,AWS,u104_aws,Active
OK0104,EMP0104,Okta,user104@corp.com,Active
SF0104,EMP0104,Salesforce,sf_user104,Active
GH0104,EMP0104,GitHub,gh104,Active
AD0105,EMP0105,AD,user105.ad,Active
AWS0105,EMP0105,AWS,u105_aws,Active
OK0105,EMP0105,Okta,user105@corp.com,Active
SF0105,EMP0105,Salesforce,sf_user105,Active
GH0105,EMP0105,GitHub,gh105,Active
AD0106,EMP0106,AD,user106.ad,Active
AWS0106,EMP0106,AWS,u106_aws,Active
OK0106,EMP0106,Okta,user106@corp.com,Active
SF0106,EMP0106,Salesforce,sf_user106,Active
GH0106,EMP0106,GitHub,gh106,Active
AD0107,EMP0107,AD,user107.ad,Active
AWS0107,EMP0107,AWS,u107_aws,Active
OK0107,EMP0107,Okta,user107@corp.com,Active
SF0107,EMP0107,Salesforce,sf_user107,Active
GH0107,EMP0107,GitHub,gh107,Active
AD0108,EMP0108,AD,user108.ad,Active
AWS0108,EMP0108,AWS,u108_aws,Active
OK0108,EMP0108,Okta,user108@corp.com,Active
SF0108,EMP0108,Salesforce,sf_user108,Active
GH0108,EMP0108,GitHub,gh108,Active
AD0109,EMP0109,AD,user109.ad,Active
AWS0109,EMP0109,AWS,u109_aws,Active
OK0109,EMP0109,Okta,user109@corp.com,Active
SF0109,EMP0109,Salesforce,sf_user109,Active
GH0109,EMP0109,GitHub,gh109,Active
AD0110,EMP0110,AD,user110.ad,Active
AWS0110,EMP0110,AWS,u110_aws,Active
OK0110,EMP0110,Okta,user110@corp.com,Active
SF0110,EMP0110,Salesforce,sf_user110,Active
GH0110,EMP0110,GitHub,gh110,Active
AD0111,EMP0111,AD,user111.ad,Active
AWS0111,EMP0111,AWS,u111_aws,Active
OK0111,EMP0111,Okta,user111@corp.com,Active
SF0111,EMP0111,Salesforce,sf_user111,Active
GH0111,EMP0111,GitHub,gh111,Active
AD0112,EMP0112,AD,user112.ad,Active
AWS0112,EMP0112,AWS,u112_aws,Active
OK0112,EMP0112,Okta,user112@corp.com,Active
SF0112,EMP0112,Salesforce,sf_user112,Active
GH0112,EMP0112,GitHub,gh112,Active
AD0113,EMP0113,AD,user113.ad,Active
AWS0113,EMP0113,AWS,u113_aws,Active
OK0113,EMP0113,Okta,user113@corp.com,Active
SF0113,EMP0113,Salesforce,sf_user113,Active
GH0113,EMP0113,GitHub,gh113,Active
AD0114,EMP0114,AD,user114.ad,Active
AWS0114,EMP0114,AWS,u114_aws,Active
OK0114,EMP0114,Okta,user114@corp.com,Active
SF0114,EMP0114,Salesforce,sf_user114,Active
GH0114,EMP0114,GitHub,gh114,Active
AD0115,EMP0115,AD,user115.ad,Active
AWS0115,EMP0115,AWS,u115_aws,Active
OK0115,EMP0115,Okta,user115@corp.com,Active
SF0115,EMP0115,Salesforce,sf_user115,Active
GH0115,EMP0115,GitHub,gh115,Active
AD0116,EMP0116,AD,user116.ad,Active
AWS0116,EMP0116,AWS,u116_aws,Active
OK0116,EMP0116,Okta,user116@corp.com,Active
SF0116,EMP0116,Salesforce,sf_user116,Active
GH0116,EMP0116,GitHub,gh116,Active
AD0117,EMP0117,AD,user117.ad,Active
AWS0117,EMP0117,AWS,u117_aws,Active
OK0117,EMP0117,Okta,user117@corp.com,Active
SF0117,EMP0117,Salesforce,sf_user117,Active
GH0117,EMP0117,GitHub,gh117,Active
AD0118,EMP0118,AD,user118.ad,Active
AWS0118,EMP0118,AWS,u118_aws,Active
OK0118,EMP0118,Okta,user118@corp.com,Active
SF0118,EMP0118,Salesforce,sf_user118,Active
GH0118,EMP0118,GitHub,gh118,Active
AD0119,EMP0119,AD,user119.ad,Active
AWS0119,EMP0119,AWS,u119_aws,Active
OK0119,EMP0119,Okta,user119@corp.com,Active
SF0119,EMP0119,Salesforce,sf_user119,Active
GH0119,EMP0119,GitHub,gh119,Active
AD0120,EMP0120,AD,user120.ad,Active
AWS0120,EMP0120,AWS,u120_aws,Active
OK0120,EMP0120,Okta,user120@corp.com,Active
SF0120,EMP0120,Salesforce,sf_user120,Active
GH0120,EMP0120,GitHub,gh120,Active
AD0121,EMP0121,AD,user121.ad,Active
AWS0121,EMP0121,AWS,u121_aws,Active
OK0121,EMP0121,Okta,user121@corp.com,Active
SF0121,EMP0121,Salesforce,sf_user121,Active
GH0121,EMP0121,GitHub,gh121,Active
AD0122,EMP0122,AD,user122.ad,Active
AWS0122,EMP0122,AWS,u122_aws,Active
OK0122,EMP0122,Okta,user122@corp.com,Active
SF0122,EMP0122,Salesforce,sf_user122,Active
GH0122,EMP0122,GitHub,gh122,Active
AD0123,EMP0123,AD,user123.ad,Active
AWS0123,EMP0123,AWS,u123_aws,Active
OK0123,EMP0123,Okta,user123@corp.com,Active
SF0123,EMP0123,Salesforce,sf_user123,Active
GH0123,EMP0123,GitHub,gh123,Active
AD0124,EMP0124,AD,user124.ad,Active
AWS0124,EMP0124,AWS,u124_aws,Active
OK0124,EMP0124,Okta,user124@corp.com,Active
SF0124,EMP0124,Salesforce,sf_user124,Active
GH0124,EMP0124,GitHub,gh124,Active
AD0125,EMP0125,AD,user125.ad,Active
AWS0125,EMP0125,AWS,u125_aws,Active
OK0125,EMP0125,Okta,user125@corp.com,Active
SF0125,EMP0125,Salesforce,sf_user125,Active
GH0125,EMP0125,GitHub,gh125,Active
AD0126,EMP0126,AD,user126.ad,Active
AWS0126,EMP0126,AWS,u126_aws,Active
OK0126,EMP0126,Okta,user126@corp.com,Active
SF0126,EMP0126,Salesforce,sf_user126,Active
GH0126,EMP0126,GitHub,gh126,Active
AD0127,EMP0127,AD,user127.ad,Active
AWS0127,EMP0127,AWS,u127_aws,Active
OK0127,EMP0127,Okta,user127@corp.com,Active
SF0127,EMP0127,Salesforce,sf_user127,Active
GH0127,EMP0127,GitHub,gh127,Active
AD0128,EMP0128,AD,user128.ad,Active
AWS0128,EMP0128,AWS,u128_aws,Active
OK0128,EMP0128,Okta,user128@corp.com,Active
SF0128,EMP0128,Salesforce,sf_user128,Active
GH0128,EMP0128,GitHub,gh128,Active
AD0129,EMP0129,AD,user129.ad,Active
AWS0129,EMP0129,AWS,u129_aws,Active
OK0129,EMP0129,Okta,user129@corp.com,Active
SF0129,EMP0129,Salesforce,sf_user129,Active
GH0129,EMP0129,GitHub,gh129,Active
AD0130,EMP0130,AD,user130.ad,Active
AWS0130,EMP0130,AWS,u130_aws,Active
OK0130,EMP0130,Okta,user130@corp.com,Active
SF0130,EMP0130,Salesforce,sf_user130,Active
GH0130,EMP0130,GitHub,gh130,Active
AD0131,EMP0131,AD,user131.ad,Active
AWS0131,EMP0131,AWS,u131_aws,Active
OK0131,EMP0131,Okta,user131@corp.com,Active
SF0131,EMP0131,Salesforce,sf_user131,Active
GH0131,EMP0131,GitHub,gh131,Active
AD0132,EMP0132,AD,user132.ad,Active
AWS0132,EMP0132,AWS,u132_aws,Active
OK0132,EMP0132,Okta,user132@corp.com,Active
SF0132,EMP0132,Salesforce,sf_user132,Active
GH0132,EMP0132,GitHub,gh132,Active
AD0133,EMP0133,AD,user133.ad,Active
AWS0133,EMP0133,AWS,u133_aws,Active
OK0133,EMP0133,Okta,user133@corp.com,Active
SF0133,EMP0133,Salesforce,sf_user133,Active
GH0133,EMP0133,GitHub,gh133,Active
AD0134,EMP0134,AD,user134.ad,Active
AWS0134,EMP0134,AWS,u134_aws,Active
OK0134,EMP0134,Okta,user134@corp.com,Active
SF0134,EMP0134,Salesforce,sf_user134,Active
GH0134,EMP0134,GitHub,gh134,Active
AD0135,EMP0135,AD,user135.ad,Active
AWS0135,EMP0135,AWS,u135_aws,Active
OK0135,EMP0135,Okta,user135@corp.com,Active
SF0135,EMP0135,Salesforce,sf_user135,Active
GH0135,EMP0135,GitHub,gh135,Active
AD0136,EMP0136,AD,user136.ad,Active
AWS0136,EMP0136,AWS,u136_aws,Active
OK0136,EMP0136,Okta,user136@corp.com,Active
SF0136,EMP0136,Salesforce,sf_user136,Active
GH0136,EMP0136,GitHub,gh136,Active
AD0137,EMP0137,AD,user137.ad,Active
AWS0137,EMP0137,AWS,u137_aws,Active
OK0137,EMP0137,Okta,user137@corp.com,Active
SF0137,EMP0137,Salesforce,sf_user137,Active
GH0137,EMP0137,GitHub,gh137,Active
AD0138,EMP0138,AD,user138.ad,Active
AWS0138,EMP0138,AWS,u138_aws,Active
OK0138,EMP0138,Okta,user138@corp.com,Active
SF0138,EMP0138,Salesforce,sf_user138,Active
GH0138,EMP0138,GitHub,gh138,Active
AD0139,EMP0139,AD,user139.ad,Active
AWS0139,EMP0139,AWS,u139_aws,Active
OK0139,EMP0139,Okta,user139@corp.com,Active
SF0139,EMP0139,Salesforce,sf_user139,Active
GH0139,EMP0139,GitHub,gh139,Active
AD0140,EMP0140,AD,user140.ad,Active
AWS0140,EMP0140,AWS,u140_aws,Active
OK0140,EMP0140,Okta,user140@corp.com,Active
SF0140,EMP0140,Salesforce,sf_user140,Active
GH0140,EMP0140,GitHub,gh140,Active
AD0141,EMP0141,AD,user141.ad,Active
AWS0141,EMP0141,AWS,u141_aws,Active
OK0141,EMP0141,Okta,user141@corp.com,Active
SF0141,EMP0141,Salesforce,sf_user141,Active
GH0141,EMP0141,GitHub,gh141,Active
AD0142,EMP0142,AD,user142.ad,Active
AWS0142,EMP0142,AWS,u142_aws,Active
OK0142,EMP0142,Okta,user142@corp.com,Active
SF0142,EMP0142,Salesforce,sf_user142,Active
GH0142,EMP0142,GitHub,gh142,Active
AD0143,EMP0143,AD,user143.ad,Active
AWS0143,EMP0143,AWS,u143_aws,Active
OK0143,EMP0143,Okta,user143@corp.com,Active
SF0143,EMP0143,Salesforce,sf_user143,Active
GH0143,EMP0143,GitHub,gh143,Active
AD0144,EMP0144,AD,user144.ad,Active
AWS0144,EMP0144,AWS,u144_aws,Active
OK0144,EMP0144,Okta,user144@corp.com,Active
SF0144,EMP0144,Salesforce,sf_user144,Active
GH0144,EMP0144,GitHub,gh144,Active
AD0145,EMP0145,AD,user145.ad,Active
AWS0145,EMP0145,AWS,u145_aws,Active
OK0145,EMP0145,Okta,user145@corp.com,Active
SF0145,EMP0145,Salesforce,sf_user145,Active
GH0145,EMP0145,GitHub,gh145,Active
AD0146,EMP0146,AD,user146.ad,Active
AWS0146,EMP0146,AWS,u146_aws,Active
OK0146,EMP0146,Okta,user146@corp.com,Active
SF0146,EMP0146,Salesforce,sf_user146,Active
GH0146,EMP0146,GitHub,gh146,Active
AD0147,EMP0147,AD,user147.ad,Active
AWS0147,EMP0147,AWS,u147_aws,Active
OK0147,EMP0147,Okta,user147@corp.com,Active
SF0147,EMP0147,Salesforce,sf_user147,Active
GH0147,EMP0147,GitHub,gh147,Active
AD0148,EMP0148,AD,user148.ad,Active
AWS0148,EMP0148,AWS,u148_aws,Active
OK0148,EMP0148,Okta,user148@corp.com,Active
SF0148,EMP0148,Salesforce,sf_user148,Active
GH0148,EMP0148,GitHub,gh148,Active
AD0149,EMP0149,AD,user149.ad,Active
AWS0149,EMP0149,AWS,u149_aws,Active
OK0149,EMP0149,Okta,user149@corp.com,Active
SF0149,EMP0149,Salesforce,sf_user149,Active
GH0149,EMP0149,GitHub,gh149,Active
AD0150,EMP0150,AD,user150.ad,Active
AWS0150,EMP0150,AWS,u150_aws,Active
OK0150,EMP0150,Okta,user150@corp.com,Active
SF0150,EMP0150,Salesforce,sf_user150,Active
GH0150,EMP0150,GitHub,gh150,Active
AD0151,EMP0151,AD,user151.ad,Active
AWS0151,EMP0151,AWS,u151_aws,Active
OK0151,EMP0151,Okta,user151@corp.com,Active
SF0151,EMP0151,Salesforce,sf_user151,Active
GH0151,EMP0151,GitHub,gh151,Active
AD0152,EMP0152,AD,user152.ad,Active
AWS0152,EMP0152,AWS,u152_aws,Active
OK0152,EMP0152,Okta,user152@corp.com,Active
SF0152,EMP0152,Salesforce,sf_user152,Active
GH0152,EMP0152,GitHub,gh152,Active
AD0153,EMP0153,AD,user153.ad,Active
AWS0153,EMP0153,AWS,u153_aws,Active
OK0153,EMP0153,Okta,user153@corp.com,Active
SF0153,EMP0153,Salesforce,sf_user153,Active
GH0153,EMP0153,GitHub,gh153,Active
AD0154,EMP0154,AD,user154.ad,Active
AWS0154,EMP0154,AWS,u154_aws,Active
OK0154,EMP0154,Okta,user154@corp.com,Active
SF0154,EMP0154,Salesforce,sf_user154,Active
GH0154,EMP0154,GitHub,gh154,Active
AD0155,EMP0155,AD,user155.ad,Active
AWS0155,EMP0155,AWS,u155_aws,Active
OK0155,EMP0155,Okta,user155@corp.com,Active
SF0155,EMP0155,Salesforce,sf_user155,Active
GH0155,EMP0155,GitHub,gh155,Active
AD0156,EMP0156,AD,user156.ad,Active
AWS0156,EMP0156,AWS,u156_aws,Active
OK0156,EMP0156,Okta,user156@corp.com,Active
SF0156,EMP0156,Salesforce,sf_user156,Active
GH0156,EMP0156,GitHub,gh156,Active
AD0157,EMP0157,AD,user157.ad,Active
AWS0157,EMP0157,AWS,u157_aws,Active
OK0157,EMP0157,Okta,user157@corp.com,Active
SF0157,EMP0157,Salesforce,sf_user157,Active
GH0157,EMP0157,GitHub,gh157,Active
AD0158,EMP0158,AD,user158.ad,Active
AWS0158,EMP0158,AWS,u158_aws,Active
OK0158,EMP0158,Okta,user158@corp.com,Active
SF0158,EMP0158,Salesforce,sf_user158,Active
GH0158,EMP0158,GitHub,gh158,Active
AD0159,EMP0159,AD,user159.ad,Active
AWS0159,EMP0159,AWS,u159_aws,Active
OK0159,EMP0159,Okta,user159@corp.com,Active
SF0159,EMP0159,Salesforce,sf_user159,Active
GH0159,EMP0159,GitHub,gh159,Active
AD0160,EMP0160,AD,user160.ad,Active
AWS0160,EMP0160,AWS,u160_aws,Active
OK0160,EMP0160,Okta,user160@corp.com,Active
SF0160,EMP0160,Salesforce,sf_user160,Active
GH0160,EMP0160,GitHub,gh160,Active
AD0161,EMP0161,AD,user161.ad,Active
AWS0161,EMP0161,AWS,u161_aws,Active
OK0161,EMP0161,Okta,user161@corp.com,Active
SF0161,EMP0161,Salesforce,sf_user161,Active
GH0161,EMP0161,GitHub,gh161,Active
AD0162,EMP0162,AD,user162.ad,Active
AWS0162,EMP0162,AWS,u162_aws,Active
OK0162,EMP0162,Okta,user162@corp.com,Active
SF0162,EMP0162,Salesforce,sf_user162,Active
GH0162,EMP0162,GitHub,gh162,Active
AD0163,EMP0163,AD,user163.ad,Active
AWS0163,EMP0163,AWS,u163_aws,Active
OK0163,EMP0163,Okta,user163@corp.com,Active
SF0163,EMP0163,Salesforce,sf_user163,Active
GH0163,EMP0163,GitHub,gh163,Active
AD0164,EMP0164,AD,user164.ad,Active
AWS0164,EMP0164,AWS,u164_aws,Active
OK0164,EMP0164,Okta,user164@corp.com,Active
SF0164,EMP0164,Salesforce,sf_user164,Active
GH0164,EMP0164,GitHub,gh164,Active
AD0165,EMP0165,AD,user165.ad,Active
AWS0165,EMP0165,AWS,u165_aws,Active
OK0165,EMP0165,Okta,user165@corp.com,Active
SF0165,EMP0165,Salesforce,sf_user165,Active
GH0165,EMP0165,GitHub,gh165,Active
AD0166,EMP0166,AD,user166.ad,Active
AWS0166,EMP0166,AWS,u166_aws,Active
OK0166,EMP0166,Okta,user166@corp.com,Active
SF0166,EMP0166,Salesforce,sf_user166,Active
GH0166,EMP0166,GitHub,gh166,Active
AD0167,EMP0167,AD,user167.ad,Active
AWS0167,EMP0167,AWS,u167_aws,Active
OK0167,EMP0167,Okta,user167@corp.com,Active
SF0167,EMP0167,Salesforce,sf_user167,Active
GH0167,EMP0167,GitHub,gh167,Active
AD0168,EMP0168,AD,user168.ad,Active
AWS0168,EMP0168,AWS,u168_aws,Active
OK0168,EMP0168,Okta,user168@corp.com,Active
SF0168,EMP0168,Salesforce,sf_user168,Active
GH0168,EMP0168,GitHub,gh168,Active
AD0169,EMP0169,AD,user169.ad,Active
AWS0169,EMP0169,AWS,u169_aws,Active
OK0169,EMP0169,Okta,user169@corp.com,Active
SF0169,EMP0169,Salesforce,sf_user169,Active
GH0169,EMP0169,GitHub,gh169,Active
AD0170,EMP0170,AD,user170.ad,Active
AWS0170,EMP0170,AWS,u170_aws,Active
OK0170,EMP0170,Okta,user170@corp.com,Active
SF0170,EMP0170,Salesforce,sf_user170,Active
GH0170,EMP0170,GitHub,gh170,Active
AD0171,EMP0171,AD,user171.ad,Active
AWS0171,EMP0171,AWS,u171_aws,Active
OK0171,EMP0171,Okta,user171@corp.com,Active
SF0171,EMP0171,Salesforce,sf_user171,Active
GH0171,EMP0171,GitHub,gh171,Active
AD0172,EMP0172,AD,user172.ad,Active
AWS0172,EMP0172,AWS,u172_aws,Active
OK0172,EMP0172,Okta,user172@corp.com,Active
SF0172,EMP0172,Salesforce,sf_user172,Active
GH0172,EMP0172,GitHub,gh172,Active
AD0173,EMP0173,AD,user173.ad,Active
AWS0173,EMP0173,AWS,u173_aws,Active
OK0173,EMP0173,Okta,user173@corp.com,Active
SF0173,EMP0173,Salesforce,sf_user173,Active
GH0173,EMP0173,GitHub,gh173,Active
AD0174,EMP0174,AD,user174.ad,Active
AWS0174,EMP0174,AWS,u174_aws,Active
OK0174,EMP0174,Okta,user174@corp.com,Active
SF0174,EMP0174,Salesforce,sf_user174,Active
GH0174,EMP0174,GitHub,gh174,Active
AD0175,EMP0175,AD,user175.ad,Active
AWS0175,EMP0175,AWS,u175_aws,Active
OK0175,EMP0175,Okta,user175@corp.com,Active
SF0175,EMP0175,Salesforce,sf_user175,Active
GH0175,EMP0175,GitHub,gh175,Active
AD0176,EMP0176,AD,user176.ad,Active
AWS0176,EMP0176,AWS,u176_aws,Active
OK0176,EMP0176,Okta,user176@corp.com,Active
SF0176,EMP0176,Salesforce,sf_user176,Active
GH0176,EMP0176,GitHub,gh176,Active
AD0177,EMP0177,AD,user177.ad,Active
AWS0177,EMP0177,AWS,u177_aws,Active
OK0177,EMP0177,Okta,user177@corp.com,Active
SF0177,EMP0177,Salesforce,sf_user177,Active
GH0177,EMP0177,GitHub,gh177,Active
AD0178,EMP0178,AD,user178.ad,Active
AWS0178,EMP0178,AWS,u178_aws,Active
OK0178,EMP0178,Okta,user178@corp.com,Active
SF0178,EMP0178,Salesforce,sf_user178,Active
GH0178,EMP0178,GitHub,gh178,Active
AD0179,EMP0179,AD,user179.ad,Active
AWS0179,EMP0179,AWS,u179_aws,Active
OK0179,EMP0179,Okta,user179@corp.com,Active
SF0179,EMP0179,Salesforce,sf_user179,Active
GH0179,EMP0179,GitHub,gh179,Active
AD0180,EMP0180,AD,user180.ad,Active
AWS0180,EMP0180,AWS,u180_aws,Active
OK0180,EMP0180,Okta,user180@corp.com,Active
SF0180,EMP0180,Salesforce,sf_user180,Active
GH0180,EMP0180,GitHub,gh180,Active
AD0181,EMP0181,AD,user181.ad,Active
AWS0181,EMP0181,AWS,u181_aws,Active
OK0181,EMP0181,Okta,user181@corp.com,Active
SF0181,EMP0181,Salesforce,sf_user181,Active
GH0181,EMP0181,GitHub,gh181,Active
AD0182,EMP0182,AD,user182.ad,Active
AWS0182,EMP0182,AWS,u182_aws,Active
OK0182,EMP0182,Okta,user182@corp.com,Active
SF0182,EMP0182,Salesforce,sf_user182,Active
GH0182,EMP0182,GitHub,gh182,Active
AD0183,EMP0183,AD,user183.ad,Active
AWS0183,EMP0183,AWS,u183_aws,Active
OK0183,EMP0183,Okta,user183@corp.com,Active
SF0183,EMP0183,Salesforce,sf_user183,Active
GH0183,EMP0183,GitHub,gh183,Active
AD0184,EMP0184,AD,user184.ad,Active
AWS0184,EMP0184,AWS,u184_aws,Active
OK0184,EMP0184,Okta,user184@corp.com,Active
SF0184,EMP0184,Salesforce,sf_user184,Active
GH0184,EMP0184,GitHub,gh184,Active
AD0185,EMP0185,AD,user185.ad,Active
AWS0185,EMP0185,AWS,u185_aws,Active
OK0185,EMP0185,Okta,user185@corp.com,Active
SF0185,EMP0185,Salesforce,sf_user185,Active
GH0185,EMP0185,GitHub,gh185,Active
AD0186,EMP0186,AD,user186.ad,Active
AWS0186,EMP0186,AWS,u186_aws,Active
OK0186,EMP0186,Okta,user186@corp.com,Active
SF0186,EMP0186,Salesforce,sf_user186,Active
GH0186,EMP0186,GitHub,gh186,Active
AD0187,EMP0187,AD,user187.ad,Active
AWS0187,EMP0187,AWS,u187_aws,Active
OK0187,EMP0187,Okta,user187@corp.com,Active
SF0187,EMP0187,Salesforce,sf_user187,Active
GH0187,EMP0187,GitHub,gh187,Active
AD0188,EMP0188,AD,user188.ad,Active
AWS0188,EMP0188,AWS,u188_aws,Active
OK0188,EMP0188,Okta,user188@corp.com,Active
SF0188,EMP0188,Salesforce,sf_user188,Active
GH0188,EMP0188,GitHub,gh188,Active
AD0189,EMP0189,AD,user189.ad,Active
AWS0189,EMP0189,AWS,u189_aws,Active
OK0189,EMP0189,Okta,user189@corp.com,Active
SF0189,EMP0189,Salesforce,sf_user189,Active
GH0189,EMP0189,GitHub,gh189,Active
AD0190,EMP0190,AD,user190.ad,Active
AWS0190,EMP0190,AWS,u190_aws,Active
OK0190,EMP0190,Okta,user190@corp.com,Active
SF0190,EMP0190,Salesforce,sf_user190,Active
GH0190,EMP0190,GitHub,gh190,Active
AD0191,EMP0191,AD,user191.ad,Active
AWS0191,EMP0191,AWS,u191_aws,Active
OK0191,EMP0191,Okta,user191@corp.com,Active
SF0191,EMP0191,Salesforce,sf_user191,Active
GH0191,EMP0191,GitHub,gh191,Active
AD0192,EMP0192,AD,user192.ad,Active
AWS0192,EMP0192,AWS,u192_aws,Active
OK0192,EMP0192,Okta,user192@corp.com,Active
SF0192,EMP0192,Salesforce,sf_user192,Active
GH0192,EMP0192,GitHub,gh192,Active
AD0193,EMP0193,AD,user193.ad,Active
AWS0193,EMP0193,AWS,u193_aws,Active
OK0193,EMP0193,Okta,user193@corp.com,Active
SF0193,EMP0193,Salesforce,sf_user193,Active
GH0193,EMP0193,GitHub,gh193,Active
AD0194,EMP0194,AD,user194.ad,Active
AWS0194,EMP0194,AWS,u194_aws,Active
OK0194,EMP0194,Okta,user194@corp.com,Active
SF0194,EMP0194,Salesforce,sf_user194,Active
GH0194,EMP0194,GitHub,gh194,Active
AD0195,EMP0195,AD,user195.ad,Active
AWS0195,EMP0195,AWS,u195_aws,Active
OK0195,EMP0195,Okta,user195@corp.com,Active
SF0195,EMP0195,Salesforce,sf_user195,Active
GH0195,EMP0195,GitHub,gh195,Active
AD0196,EMP0196,AD,user196.ad,Active
AWS0196,EMP0196,AWS,u196_aws,Active
OK0196,EMP0196,Okta,user196@corp.com,Active
SF0196,EMP0196,Salesforce,sf_user196,Active
GH0196,EMP0196,GitHub,gh196,Active
AD0197,EMP0197,AD,user197.ad,Active
AWS0197,EMP0197,AWS,u197_aws,Active
OK0197,EMP0197,Okta,user197@corp.com,Active
SF0197,EMP0197,Salesforce,sf_user197,Active
GH0197,EMP0197,GitHub,gh197,Active
AD0198,EMP0198,AD,user198.ad,Active
AWS0198,EMP0198,AWS,u198_aws,Active
OK0198,EMP0198,Okta,user198@corp.com,Active
SF0198,EMP0198,Salesforce,sf_user198,Active
GH0198,EMP0198,GitHub,gh198,Active
AD0199,EMP0199,AD,user199.ad,Active
AWS0199,EMP0199,AWS,u199_aws,Active
OK0199,EMP0199,Okta,user199@corp.com,Active
SF0199,EMP0199,Salesforce,sf_user199,Active
GH0199,EMP0199,GitHub,gh199,Active
AD0200,EMP0200,AD,user200.ad,Active
AWS0200,EMP0200,AWS,u200_aws,Active
OK0200,EMP0200,Okta,user200@corp.com,Active
SF0200,EMP0200,Salesforce,sf_user200,Active
GH0200,EMP0200,GitHub,gh200,Active
AD0201,EMP0201,AD,user201.ad,Active
AWS0201,EMP0201,AWS,u201_aws,Active
OK0201,EMP0201,Okta,user201@corp.com,Active
SF0201,EMP0201,Salesforce,sf_user201,Active
GH0201,EMP0201,GitHub,gh201,Active
AD0202,EMP0202,AD,user202.ad,Active
AWS0202,EMP0202,AWS,u202_aws,Active
OK0202,EMP0202,Okta,user202@corp.com,Active
SF0202,EMP0202,Salesforce,sf_user202,Active
GH0202,EMP0202,GitHub,gh202,Active
AD0203,EMP0203,AD,user203.ad,Active
AWS0203,EMP0203,AWS,u203_aws,Active
OK0203,EMP0203,Okta,user203@corp.com,Active
SF0203,EMP0203,Salesforce,sf_user203,Active
GH0203,EMP0203,GitHub,gh203,Active
AD0204,EMP0204,AD,user204.ad,Active
AWS0204,EMP0204,AWS,u204_aws,Active
OK0204,EMP0204,Okta,user204@corp.com,Active
SF0204,EMP0204,Salesforce,sf_user204,Active
GH0204,EMP0204,GitHub,gh204,Active
AD0205,EMP0205,AD,user205.ad,Active
AWS0205,EMP0205,AWS,u205_aws,Active
OK0205,EMP0205,Okta,user205@corp.com,Active
SF0205,EMP0205,Salesforce,sf_user205,Active
GH0205,EMP0205,GitHub,gh205,Active
AD0206,EMP0206,AD,user206.ad,Active
AWS0206,EMP0206,AWS,u206_aws,Active
OK0206,EMP0206,Okta,user206@corp.com,Active
SF0206,EMP0206,Salesforce,sf_user206,Active
GH0206,EMP0206,GitHub,gh206,Active
AD0207,EMP0207,AD,user207.ad,Active
AWS0207,EMP0207,AWS,u207_aws,Active
OK0207,EMP0207,Okta,user207@corp.com,Active
SF0207,EMP0207,Salesforce,sf_user207,Active
GH0207,EMP0207,GitHub,gh207,Active
AD0208,EMP0208,AD,user208.ad,Active
AWS0208,EMP0208,AWS,u208_aws,Active
OK0208,EMP0208,Okta,user208@corp.com,Active
SF0208,EMP0208,Salesforce,sf_user208,Active
GH0208,EMP0208,GitHub,gh208,Active
AD0209,EMP0209,AD,user209.ad,Active
AWS0209,EMP0209,AWS,u209_aws,Active
OK0209,EMP0209,Okta,user209@corp.com,Active
SF0209,EMP0209,Salesforce,sf_user209,Active
GH0209,EMP0209,GitHub,gh209,Active
AD0210,EMP0210,AD,user210.ad,Active
AWS0210,EMP0210,AWS,u210_aws,Active
OK0210,EMP0210,Okta,user210@corp.com,Active
SF0210,EMP0210,Salesforce,sf_user210,Active
GH0210,EMP0210,GitHub,gh210,Active
AD0211,EMP0211,AD,user211.ad,Active
AWS0211,EMP0211,AWS,u211_aws,Active
OK0211,EMP0211,Okta,user211@corp.com,Active
SF0211,EMP0211,Salesforce,sf_user211,Active
GH0211,EMP0211,GitHub,gh211,Active
AD0212,EMP0212,AD,user212.ad,Active
AWS0212,EMP0212,AWS,u212_aws,Active
OK0212,EMP0212,Okta,user212@corp.com,Active
SF0212,EMP0212,Salesforce,sf_user212,Active
GH0212,EMP0212,GitHub,gh212,Active
AD0213,EMP0213,AD,user213.ad,Active
AWS0213,EMP0213,AWS,u213_aws,Active
OK0213,EMP0213,Okta,user213@corp.com,Active
SF0213,EMP0213,Salesforce,sf_user213,Active
GH0213,EMP0213,GitHub,gh213,Active
AD0214,EMP0214,AD,user214.ad,Active
AWS0214,EMP0214,AWS,u214_aws,Active
OK0214,EMP0214,Okta,user214@corp.com,Active
SF0214,EMP0214,Salesforce,sf_user214,Active
GH0214,EMP0214,GitHub,gh214,Active
AD0215,EMP0215,AD,user215.ad,Active
AWS0215,EMP0215,AWS,u215_aws,Active
OK0215,EMP0215,Okta,user215@corp.com,Active
SF0215,EMP0215,Salesforce,sf_user215,Active
GH0215,EMP0215,GitHub,gh215,Active
AD0216,EMP0216,AD,user216.ad,Active
AWS0216,EMP0216,AWS,u216_aws,Active
OK0216,EMP0216,Okta,user216@corp.com,Active
SF0216,EMP0216,Salesforce,sf_user216,Active
GH0216,EMP0216,GitHub,gh216,Active
AD0217,EMP0217,AD,user217.ad,Active
AWS0217,EMP0217,AWS,u217_aws,Active
OK0217,EMP0217,Okta,user217@corp.com,Active
SF0217,EMP0217,Salesforce,sf_user217,Active
GH0217,EMP0217,GitHub,gh217,Active
AD0218,EMP0218,AD,user218.ad,Active
AWS0218,EMP0218,AWS,u218_aws,Active
OK0218,EMP0218,Okta,user218@corp.com,Active
SF0218,EMP0218,Salesforce,sf_user218,Active
GH0218,EMP0218,GitHub,gh218,Active
AD0219,EMP0219,AD,user219.ad,Active
AWS0219,EMP0219,AWS,u219_aws,Active
OK0219,EMP0219,Okta,user219@corp.com,Active
SF0219,EMP0219,Salesforce,sf_user219,Active
GH0219,EMP0219,GitHub,gh219,Active
AD0220,EMP0220,AD,user220.ad,Active
AWS0220,EMP0220,AWS,u220_aws,Active
OK0220,EMP0220,Okta,user220@corp.com,Active
SF0220,EMP0220,Salesforce,sf_user220,Active
GH0220,EMP0220,GitHub,gh220,Active
AD0221,EMP0221,AD,user221.ad,Active
AWS0221,EMP0221,AWS,u221_aws,Active
OK0221,EMP0221,Okta,user221@corp.com,Active
SF0221,EMP0221,Salesforce,sf_user221,Active
GH0221,EMP0221,GitHub,gh221,Active
AD0222,EMP0222,AD,user222.ad,Active
AWS0222,EMP0222,AWS,u222_aws,Active
OK0222,EMP0222,Okta,user222@corp.com,Active
SF0222,EMP0222,Salesforce,sf_user222,Active
GH0222,EMP0222,GitHub,gh222,Active
AD0223,EMP0223,AD,user223.ad,Active
AWS0223,EMP0223,AWS,u223_aws,Active
OK0223,EMP0223,Okta,user223@corp.com,Active
SF0223,EMP0223,Salesforce,sf_user223,Active
GH0223,EMP0223,GitHub,gh223,Active
AD0224,EMP0224,AD,user224.ad,Active
AWS0224,EMP0224,AWS,u224_aws,Active
OK0224,EMP0224,Okta,user224@corp.com,Active
SF0224,EMP0224,Salesforce,sf_user224,Active
GH0224,EMP0224,GitHub,gh224,Active
AD0225,EMP0225,AD,user225.ad,Active
AWS0225,EMP0225,AWS,u225_aws,Active
OK0225,EMP0225,Okta,user225@corp.com,Active
SF0225,EMP0225,Salesforce,sf_user225,Active
GH0225,EMP0225,GitHub,gh225,Active
AD0226,EMP0226,AD,user226.ad,Active
AWS0226,EMP0226,AWS,u226_aws,Active
OK0226,EMP0226,Okta,user226@corp.com,Active
SF0226,EMP0226,Salesforce,sf_user226,Active
GH0226,EMP0226,GitHub,gh226,Active
AD0227,EMP0227,AD,user227.ad,Active
AWS0227,EMP0227,AWS,u227_aws,Active
OK0227,EMP0227,Okta,user227@corp.com,Active
SF0227,EMP0227,Salesforce,sf_user227,Active
GH0227,EMP0227,GitHub,gh227,Active
AD0228,EMP0228,AD,user228.ad,Active
AWS0228,EMP0228,AWS,u228_aws,Active
OK0228,EMP0228,Okta,user228@corp.com,Active
SF0228,EMP0228,Salesforce,sf_user228,Active
GH0228,EMP0228,GitHub,gh228,Active
AD0229,EMP0229,AD,user229.ad,Active
AWS0229,EMP0229,AWS,u229_aws,Active
OK0229,EMP0229,Okta,user229@corp.com,Active
SF0229,EMP0229,Salesforce,sf_user229,Active
GH0229,EMP0229,GitHub,gh229,Active
AD0230,EMP0230,AD,user230.ad,Active
AWS0230,EMP0230,AWS,u230_aws,Active
OK0230,EMP0230,Okta,user230@corp.com,Active
SF0230,EMP0230,Salesforce,sf_user230,Active
GH0230,EMP0230,GitHub,gh230,Active
AD0231,EMP0231,AD,user231.ad,Active
AWS0231,EMP0231,AWS,u231_aws,Active
OK0231,EMP0231,Okta,user231@corp.com,Active
SF0231,EMP0231,Salesforce,sf_user231,Active
GH0231,EMP0231,GitHub,gh231,Active
AD0232,EMP0232,AD,user232.ad,Active
AWS0232,EMP0232,AWS,u232_aws,Active
OK0232,EMP0232,Okta,user232@corp.com,Active
SF0232,EMP0232,Salesforce,sf_user232,Active
GH0232,EMP0232,GitHub,gh232,Active
AD0233,EMP0233,AD,user233.ad,Active
AWS0233,EMP0233,AWS,u233_aws,Active
OK0233,EMP0233,Okta,user233@corp.com,Active
SF0233,EMP0233,Salesforce,sf_user233,Active
GH0233,EMP0233,GitHub,gh233,Active
AD0234,EMP0234,AD,user234.ad,Active
AWS0234,EMP0234,AWS,u234_aws,Active
OK0234,EMP0234,Okta,user234@corp.com,Active
SF0234,EMP0234,Salesforce,sf_user234,Active
GH0234,EMP0234,GitHub,gh234,Active
AD0235,EMP0235,AD,user235.ad,Active
AWS0235,EMP0235,AWS,u235_aws,Active
OK0235,EMP0235,Okta,user235@corp.com,Active
SF0235,EMP0235,Salesforce,sf_user235,Active
GH0235,EMP0235,GitHub,gh235,Active
AD0236,EMP0236,AD,user236.ad,Active
AWS0236,EMP0236,AWS,u236_aws,Active
OK0236,EMP0236,Okta,user236@corp.com,Active
SF0236,EMP0236,Salesforce,sf_user236,Active
GH0236,EMP0236,GitHub,gh236,Active
AD0237,EMP0237,AD,user237.ad,Active
AWS0237,EMP0237,AWS,u237_aws,Active
OK0237,EMP0237,Okta,user237@corp.com,Active
SF0237,EMP0237,Salesforce,sf_user237,Active
GH0237,EMP0237,GitHub,gh237,Active
AD0238,EMP0238,AD,user238.ad,Active
AWS0238,EMP0238,AWS,u238_aws,Active
OK0238,EMP0238,Okta,user238@corp.com,Active
SF0238,EMP0238,Salesforce,sf_user238,Active
GH0238,EMP0238,GitHub,gh238,Active
AD0239,EMP0239,AD,user239.ad,Active
AWS0239,EMP0239,AWS,u239_aws,Active
OK0239,EMP0239,Okta,user239@corp.com,Active
SF0239,EMP0239,Salesforce,sf_user239,Active
GH0239,EMP0239,GitHub,gh239,Active
AD0240,EMP0240,AD,user240.ad,Active
AWS0240,EMP0240,AWS,u240_aws,Active
OK0240,EMP0240,Okta,user240@corp.com,Active
SF0240,EMP0240,Salesforce,sf_user240,Active
GH0240,EMP0240,GitHub,gh240,Active
AD0241,EMP0241,AD,user241.ad,Active
AWS0241,EMP0241,AWS,u241_aws,Active
OK0241,EMP0241,Okta,user241@corp.com,Active
SF0241,EMP0241,Salesforce,sf_user241,Active
GH0241,EMP0241,GitHub,gh241,Active
AD0242,EMP0242,AD,user242.ad,Active
AWS0242,EMP0242,AWS,u242_aws,Active
OK0242,EMP0242,Okta,user242@corp.com,Active
SF0242,EMP0242,Salesforce,sf_user242,Active
GH0242,EMP0242,GitHub,gh242,Active
AD0243,EMP0243,AD,user243.ad,Active
AWS0243,EMP0243,AWS,u243_aws,Active
OK0243,EMP0243,Okta,user243@corp.com,Active
SF0243,EMP0243,Salesforce,sf_user243,Active
GH0243,EMP0243,GitHub,gh243,Active
AD0244,EMP0244,AD,user244.ad,Active
AWS0244,EMP0244,AWS,u244_aws,Active
OK0244,EMP0244,Okta,user244@corp.com,Active
SF0244,EMP0244,Salesforce,sf_user244,Active
GH0244,EMP0244,GitHub,gh244,Active
AD0245,EMP0245,AD,user245.ad,Active
AWS0245,EMP0245,AWS,u245_aws,Active
OK0245,EMP0245,Okta,user245@corp.com,Active
SF0245,EMP0245,Salesforce,sf_user245,Active
GH0245,EMP0245,GitHub,gh245,Active
AD0246,EMP0246,AD,user246.ad,Active
AWS0246,EMP0246,AWS,u246_aws,Active
OK0246,EMP0246,Okta,user246@corp.com,Active
SF0246,EMP0246,Salesforce,sf_user246,Active
GH0246,EMP0246,GitHub,gh246,Active
AD0247,EMP0247,AD,user247.ad,Active
AWS0247,EMP0247,AWS,u247_aws,Active
OK0247,EMP0247,Okta,user247@corp.com,Active
SF0247,EMP0247,Salesforce,sf_user247,Active
GH0247,EMP0247,GitHub,gh247,Active
AD0248,EMP0248,AD,user248.ad,Active
AWS0248,EMP0248,AWS,u248_aws,Active
OK0248,EMP0248,Okta,user248@corp.com,Active
SF0248,EMP0248,Salesforce,sf_user248,Active
GH0248,EMP0248,GitHub,gh248,Active
AD0249,EMP0249,AD,user249.ad,Active
AWS0249,EMP0249,AWS,u249_aws,Active
OK0249,EMP0249,Okta,user249@corp.com,Active
SF0249,EMP0249,Salesforce,sf_user249,Active
GH0249,EMP0249,GitHub,gh249,Active
AD0250,EMP0250,AD,user250.ad,Active
AWS0250,EMP0250,AWS,u250_aws,Active
OK0250,EMP0250,Okta,user250@corp.com,Active
SF0250,EMP0250,Salesforce,sf_user250,Active
GH0250,EMP0250,GitHub,gh250,Active
AD0251,EMP0251,AD,user251.ad,Active
AWS0251,EMP0251,AWS,u251_aws,Active
OK0251,EMP0251,Okta,user251@corp.com,Active
SF0251,EMP0251,Salesforce,sf_user251,Active
GH0251,EMP0251,GitHub,gh251,Active
AD0252,EMP0252,AD,user252.ad,Active
AWS0252,EMP0252,AWS,u252_aws,Active
OK0252,EMP0252,Okta,user252@corp.com,Active
SF0252,EMP0252,Salesforce,sf_user252,Active
GH0252,EMP0252,GitHub,gh252,Active
AD0253,EMP0253,AD,user253.ad,Active
AWS0253,EMP0253,AWS,u253_aws,Active
OK0253,EMP0253,Okta,user253@corp.com,Active
SF0253,EMP0253,Salesforce,sf_user253,Active
GH0253,EMP0253,GitHub,gh253,Active
AD0254,EMP0254,AD,user254.ad,Active
AWS0254,EMP0254,AWS,u254_aws,Active
OK0254,EMP0254,Okta,user254@corp.com,Active
SF0254,EMP0254,Salesforce,sf_user254,Active
GH0254,EMP0254,GitHub,gh254,Active
AD0255,EMP0255,AD,user255.ad,Active
AWS0255,EMP0255,AWS,u255_aws,Active
OK0255,EMP0255,Okta,user255@corp.com,Active
SF0255,EMP0255,Salesforce,sf_user255,Active
GH0255,EMP0255,GitHub,gh255,Active
AD0256,EMP0256,AD,user256.ad,Active
AWS0256,EMP0256,AWS,u256_aws,Active
OK0256,EMP0256,Okta,user256@corp.com,Active
SF0256,EMP0256,Salesforce,sf_user256,Active
GH0256,EMP0256,GitHub,gh256,Active
AD0257,EMP0257,AD,user257.ad,Active
AWS0257,EMP0257,AWS,u257_aws,Active
OK0257,EMP0257,Okta,user257@corp.com,Active
SF0257,EMP0257,Salesforce,sf_user257,Active
GH0257,EMP0257,GitHub,gh257,Active
AD0258,EMP0258,AD,user258.ad,Active
AWS0258,EMP0258,AWS,u258_aws,Active
OK0258,EMP0258,Okta,user258@corp.com,Active
SF0258,EMP0258,Salesforce,sf_user258,Active
GH0258,EMP0258,GitHub,gh258,Active
AD0259,EMP0259,AD,user259.ad,Active
AWS0259,EMP0259,AWS,u259_aws,Active
OK0259,EMP0259,Okta,user259@corp.com,Active
SF0259,EMP0259,Salesforce,sf_user259,Active
GH0259,EMP0259,GitHub,gh259,Active
AD0260,EMP0260,AD,user260.ad,Active
AWS0260,EMP0260,AWS,u260_aws,Active
OK0260,EMP0260,Okta,user260@corp.com,Active
SF0260,EMP0260,Salesforce,sf_user260,Active
GH0260,EMP0260,GitHub,gh260,Active
AD0261,EMP0261,AD,user261.ad,Active
AWS0261,EMP0261,AWS,u261_aws,Active
OK0261,EMP0261,Okta,user261@corp.com,Active
SF0261,EMP0261,Salesforce,sf_user261,Active
GH0261,EMP0261,GitHub,gh261,Active
AD0262,EMP0262,AD,user262.ad,Active
AWS0262,EMP0262,AWS,u262_aws,Active
OK0262,EMP0262,Okta,user262@corp.com,Active
SF0262,EMP0262,Salesforce,sf_user262,Active
GH0262,EMP0262,GitHub,gh262,Active
AD0263,EMP0263,AD,user263.ad,Active
AWS0263,EMP0263,AWS,u263_aws,Active
OK0263,EMP0263,Okta,user263@corp.com,Active
SF0263,EMP0263,Salesforce,sf_user263,Active
GH0263,EMP0263,GitHub,gh263,Active
AD0264,EMP0264,AD,user264.ad,Active
AWS0264,EMP0264,AWS,u264_aws,Active
OK0264,EMP0264,Okta,user264@corp.com,Active
SF0264,EMP0264,Salesforce,sf_user264,Active
GH0264,EMP0264,GitHub,gh264,Active
AD0265,EMP0265,AD,user265.ad,Active
AWS0265,EMP0265,AWS,u265_aws,Active
OK0265,EMP0265,Okta,user265@corp.com,Active
SF0265,EMP0265,Salesforce,sf_user265,Active
GH0265,EMP0265,GitHub,gh265,Active
AD0266,EMP0266,AD,user266.ad,Active
AWS0266,EMP0266,AWS,u266_aws,Active
OK0266,EMP0266,Okta,user266@corp.com,Active
SF0266,EMP0266,Salesforce,sf_user266,Active
GH0266,EMP0266,GitHub,gh266,Active
AD0267,EMP0267,AD,user267.ad,Active
AWS0267,EMP0267,AWS,u267_aws,Active
OK0267,EMP0267,Okta,user267@corp.com,Active
SF0267,EMP0267,Salesforce,sf_user267,Active
GH0267,EMP0267,GitHub,gh267,Active
AD0268,EMP0268,AD,user268.ad,Active
AWS0268,EMP0268,AWS,u268_aws,Active
OK0268,EMP0268,Okta,user268@corp.com,Active
SF0268,EMP0268,Salesforce,sf_user268,Active
GH0268,EMP0268,GitHub,gh268,Active
AD0269,EMP0269,AD,user269.ad,Active
AWS0269,EMP0269,AWS,u269_aws,Active
OK0269,EMP0269,Okta,user269@corp.com,Active
SF0269,EMP0269,Salesforce,sf_user269,Active
GH0269,EMP0269,GitHub,gh269,Active
AD0270,EMP0270,AD,user270.ad,Active
AWS0270,EMP0270,AWS,u270_aws,Active
OK0270,EMP0270,Okta,user270@corp.com,Active
SF0270,EMP0270,Salesforce,sf_user270,Active
GH0270,EMP0270,GitHub,gh270,Active
AD0271,EMP0271,AD,user271.ad,Active
AWS0271,EMP0271,AWS,u271_aws,Active
OK0271,EMP0271,Okta,user271@corp.com,Active
SF0271,EMP0271,Salesforce,sf_user271,Active
GH0271,EMP0271,GitHub,gh271,Active
AD0272,EMP0272,AD,user272.ad,Active
AWS0272,EMP0272,AWS,u272_aws,Active
OK0272,EMP0272,Okta,user272@corp.com,Active
SF0272,EMP0272,Salesforce,sf_user272,Active
GH0272,EMP0272,GitHub,gh272,Active
AD0273,EMP0273,AD,user273.ad,Active
AWS0273,EMP0273,AWS,u273_aws,Active
OK0273,EMP0273,Okta,user273@corp.com,Active
SF0273,EMP0273,Salesforce,sf_user273,Active
GH0273,EMP0273,GitHub,gh273,Active
AD0274,EMP0274,AD,user274.ad,Active
AWS0274,EMP0274,AWS,u274_aws,Active
OK0274,EMP0274,Okta,user274@corp.com,Active
SF0274,EMP0274,Salesforce,sf_user274,Active
GH0274,EMP0274,GitHub,gh274,Active
AD0275,EMP0275,AD,user275.ad,Active
AWS0275,EMP0275,AWS,u275_aws,Active
OK0275,EMP0275,Okta,user275@corp.com,Active
SF0275,EMP0275,Salesforce,sf_user275,Active
GH0275,EMP0275,GitHub,gh275,Active
AD0276,EMP0276,AD,user276.ad,Active
AWS0276,EMP0276,AWS,u276_aws,Active
OK0276,EMP0276,Okta,user276@corp.com,Active
SF0276,EMP0276,Salesforce,sf_user276,Active
GH0276,EMP0276,GitHub,gh276,Active
AD0277,EMP0277,AD,user277.ad,Active
AWS0277,EMP0277,AWS,u277_aws,Active
OK0277,EMP0277,Okta,user277@corp.com,Active
SF0277,EMP0277,Salesforce,sf_user277,Active
GH0277,EMP0277,GitHub,gh277,Active
AD0278,EMP0278,AD,user278.ad,Active
AWS0278,EMP0278,AWS,u278_aws,Active
OK0278,EMP0278,Okta,user278@corp.com,Active
SF0278,EMP0278,Salesforce,sf_user278,Active
GH0278,EMP0278,GitHub,gh278,Active
AD0279,EMP0279,AD,user279.ad,Active
AWS0279,EMP0279,AWS,u279_aws,Active
OK0279,EMP0279,Okta,user279@corp.com,Active
SF0279,EMP0279,Salesforce,sf_user279,Active
GH0279,EMP0279,GitHub,gh279,Active
AD0280,EMP0280,AD,user280.ad,Active
AWS0280,EMP0280,AWS,u280_aws,Active
OK0280,EMP0280,Okta,user280@corp.com,Active
SF0280,EMP0280,Salesforce,sf_user280,Active
GH0280,EMP0280,GitHub,gh280,Active
AD0281,EMP0281,AD,user281.ad,Active
AWS0281,EMP0281,AWS,u281_aws,Active
OK0281,EMP0281,Okta,user281@corp.com,Active
SF0281,EMP0281,Salesforce,sf_user281,Active
GH0281,EMP0281,GitHub,gh281,Active
AD0282,EMP0282,AD,user282.ad,Active
AWS0282,EMP0282,AWS,u282_aws,Active
OK0282,EMP0282,Okta,user282@corp.com,Active
SF0282,EMP0282,Salesforce,sf_user282,Active
GH0282,EMP0282,GitHub,gh282,Active
AD0283,EMP0283,AD,user283.ad,Active
AWS0283,EMP0283,AWS,u283_aws,Active
OK0283,EMP0283,Okta,user283@corp.com,Active
SF0283,EMP0283,Salesforce,sf_user283,Active
GH0283,EMP0283,GitHub,gh283,Active
AD0284,EMP0284,AD,user284.ad,Active
AWS0284,EMP0284,AWS,u284_aws,Active
OK0284,EMP0284,Okta,user284@corp.com,Active
SF0284,EMP0284,Salesforce,sf_user284,Active
GH0284,EMP0284,GitHub,gh284,Active
AD0285,EMP0285,AD,user285.ad,Active
AWS0285,EMP0285,AWS,u285_aws,Active
OK0285,EMP0285,Okta,user285@corp.com,Active
SF0285,EMP0285,Salesforce,sf_user285,Active
GH0285,EMP0285,GitHub,gh285,Active
AD0286,EMP0286,AD,user286.ad,Active
AWS0286,EMP0286,AWS,u286_aws,Active
OK0286,EMP0286,Okta,user286@corp.com,Active
SF0286,EMP0286,Salesforce,sf_user286,Active
GH0286,EMP0286,GitHub,gh286,Active
AD0287,EMP0287,AD,user287.ad,Active
AWS0287,EMP0287,AWS,u287_aws,Active
OK0287,EMP0287,Okta,user287@corp.com,Active
SF0287,EMP0287,Salesforce,sf_user287,Active
GH0287,EMP0287,GitHub,gh287,Active
AD0288,EMP0288,AD,user288.ad,Active
AWS0288,EMP0288,AWS,u288_aws,Active
OK0288,EMP0288,Okta,user288@corp.com,Active
SF0288,EMP0288,Salesforce,sf_user288,Active
GH0288,EMP0288,GitHub,gh288,Active
AD0289,EMP0289,AD,user289.ad,Active
AWS0289,EMP0289,AWS,u289_aws,Active
OK0289,EMP0289,Okta,user289@corp.com,Active
SF0289,EMP0289,Salesforce,sf_user289,Active
GH0289,EMP0289,GitHub,gh289,Active
AD0290,EMP0290,AD,user290.ad,Active
AWS0290,EMP0290,AWS,u290_aws,Active
OK0290,EMP0290,Okta,user290@corp.com,Active
SF0290,EMP0290,Salesforce,sf_user290,Active
GH0290,EMP0290,GitHub,gh290,Active
AD0291,EMP0291,AD,user291.ad,Active
AWS0291,EMP0291,AWS,u291_aws,Active
OK0291,EMP0291,Okta,user291@corp.com,Active
SF0291,EMP0291,Salesforce,sf_user291,Active
GH0291,EMP0291,GitHub,gh291,Active
AD0292,EMP0292,AD,user292.ad,Active
AWS0292,EMP0292,AWS,u292_aws,Active
OK0292,EMP0292,Okta,user292@corp.com,Active
SF0292,EMP0292,Salesforce,sf_user292,Active
GH0292,EMP0292,GitHub,gh292,Active
AD0293,EMP0293,AD,user293.ad,Active
AWS0293,EMP0293,AWS,u293_aws,Active
OK0293,EMP0293,Okta,user293@corp.com,Active
SF0293,EMP0293,Salesforce,sf_user293,Active
GH0293,EMP0293,GitHub,gh293,Active
AD0294,EMP0294,AD,user294.ad,Active
AWS0294,EMP0294,AWS,u294_aws,Active
OK0294,EMP0294,Okta,user294@corp.com,Active
SF0294,EMP0294,Salesforce,sf_user294,Active
GH0294,EMP0294,GitHub,gh294,Active
AD0295,EMP0295,AD,user295.ad,Active
AWS0295,EMP0295,AWS,u295_aws,Active
OK0295,EMP0295,Okta,user295@corp.com,Active
SF0295,EMP0295,Salesforce,sf_user295,Active
GH0295,EMP0295,GitHub,gh295,Active
AD0296,EMP0296,AD,user296.ad,Active
AWS0296,EMP0296,AWS,u296_aws,Active
OK0296,EMP0296,Okta,user296@corp.com,Active
SF0296,EMP0296,Salesforce,sf_user296,Active
GH0296,EMP0296,GitHub,gh296,Active
AD0297,EMP0297,AD,user297.ad,Active
AWS0297,EMP0297,AWS,u297_aws,Active
OK0297,EMP0297,Okta,user297@corp.com,Active
SF0297,EMP0297,Salesforce,sf_user297,Active
GH0297,EMP0297,GitHub,gh297,Active
AD0298,EMP0298,AD,user298.ad,Active
AWS0298,EMP0298,AWS,u298_aws,Active
OK0298,EMP0298,Okta,user298@corp.com,Active
SF0298,EMP0298,Salesforce,sf_user298,Active
GH0298,EMP0298,GitHub,gh298,Active
AD0299,EMP0299,AD,user299.ad,Active
AWS0299,EMP0299,AWS,u299_aws,Active
OK0299,EMP0299,Okta,user299@corp.com,Active
SF0299,EMP0299,Salesforce,sf_user299,Active
GH0299,EMP0299,GitHub,gh299,Active
AD0300,EMP0300,AD,user300.ad,Active
AWS0300,EMP0300,AWS,u300_aws,Active
OK0300,EMP0300,Okta,user300@corp.com,Active
SF0300,EMP0300,Salesforce,sf_user300,Active
GH0300,EMP0300,GitHub,gh300,Active
AD0301,EMP0301,AD,user301.ad,Active
AWS0301,EMP0301,AWS,u301_aws,Active
OK0301,EMP0301,Okta,user301@corp.com,Active
SF0301,EMP0301,Salesforce,sf_user301,Active
GH0301,EMP0301,GitHub,gh301,Active
AD0302,EMP0302,AD,user302.ad,Active
AWS0302,EMP0302,AWS,u302_aws,Active
OK0302,EMP0302,Okta,user302@corp.com,Active
SF0302,EMP0302,Salesforce,sf_user302,Active
GH0302,EMP0302,GitHub,gh302,Active
AD0303,EMP0303,AD,user303.ad,Active
AWS0303,EMP0303,AWS,u303_aws,Active
OK0303,EMP0303,Okta,user303@corp.com,Active
SF0303,EMP0303,Salesforce,sf_user303,Active
GH0303,EMP0303,GitHub,gh303,Active
AD0304,EMP0304,AD,user304.ad,Active
AWS0304,EMP0304,AWS,u304_aws,Active
OK0304,EMP0304,Okta,user304@corp.com,Active
SF0304,EMP0304,Salesforce,sf_user304,Active
GH0304,EMP0304,GitHub,gh304,Active
AD0305,EMP0305,AD,user305.ad,Active
AWS0305,EMP0305,AWS,u305_aws,Active
OK0305,EMP0305,Okta,user305@corp.com,Active
SF0305,EMP0305,Salesforce,sf_user305,Active
GH0305,EMP0305,GitHub,gh305,Active
AD0306,EMP0306,AD,user306.ad,Active
AWS0306,EMP0306,AWS,u306_aws,Active
OK0306,EMP0306,Okta,user306@corp.com,Active
SF0306,EMP0306,Salesforce,sf_user306,Active
GH0306,EMP0306,GitHub,gh306,Active
AD0307,EMP0307,AD,user307.ad,Active
AWS0307,EMP0307,AWS,u307_aws,Active
OK0307,EMP0307,Okta,user307@corp.com,Active
SF0307,EMP0307,Salesforce,sf_user307,Active
GH0307,EMP0307,GitHub,gh307,Active
AD0308,EMP0308,AD,user308.ad,Active
AWS0308,EMP0308,AWS,u308_aws,Active
OK0308,EMP0308,Okta,user308@corp.com,Active
SF0308,EMP0308,Salesforce,sf_user308,Active
GH0308,EMP0308,GitHub,gh308,Active
AD0309,EMP0309,AD,user309.ad,Active
AWS0309,EMP0309,AWS,u309_aws,Active
OK0309,EMP0309,Okta,user309@corp.com,Active
SF0309,EMP0309,Salesforce,sf_user309,Active
GH0309,EMP0309,GitHub,gh309,Active
AD0310,EMP0310,AD,user310.ad,Active
AWS0310,EMP0310,AWS,u310_aws,Active
OK0310,EMP0310,Okta,user310@corp.com,Active
SF0310,EMP0310,Salesforce,sf_user310,Active
GH0310,EMP0310,GitHub,gh310,Active
AD0311,EMP0311,AD,user311.ad,Active
AWS0311,EMP0311,AWS,u311_aws,Active
OK0311,EMP0311,Okta,user311@corp.com,Active
SF0311,EMP0311,Salesforce,sf_user311,Active
GH0311,EMP0311,GitHub,gh311,Active
AD0312,EMP0312,AD,user312.ad,Active
AWS0312,EMP0312,AWS,u312_aws,Active
OK0312,EMP0312,Okta,user312@corp.com,Active
SF0312,EMP0312,Salesforce,sf_user312,Active
GH0312,EMP0312,GitHub,gh312,Active
AD0313,EMP0313,AD,user313.ad,Active
AWS0313,EMP0313,AWS,u313_aws,Active
OK0313,EMP0313,Okta,user313@corp.com,Active
SF0313,EMP0313,Salesforce,sf_user313,Active
GH0313,EMP0313,GitHub,gh313,Active
AD0314,EMP0314,AD,user314.ad,Active
AWS0314,EMP0314,AWS,u314_aws,Active
OK0314,EMP0314,Okta,user314@corp.com,Active
SF0314,EMP0314,Salesforce,sf_user314,Active
GH0314,EMP0314,GitHub,gh314,Active
AD0315,EMP0315,AD,user315.ad,Active
AWS0315,EMP0315,AWS,u315_aws,Active
OK0315,EMP0315,Okta,user315@corp.com,Active
SF0315,EMP0315,Salesforce,sf_user315,Active
GH0315,EMP0315,GitHub,gh315,Active
AD0316,EMP0316,AD,user316.ad,Active
AWS0316,EMP0316,AWS,u316_aws,Active
OK0316,EMP0316,Okta,user316@corp.com,Active
SF0316,EMP0316,Salesforce,sf_user316,Active
GH0316,EMP0316,GitHub,gh316,Active
AD0317,EMP0317,AD,user317.ad,Active
AWS0317,EMP0317,AWS,u317_aws,Active
OK0317,EMP0317,Okta,user317@corp.com,Active
SF0317,EMP0317,Salesforce,sf_user317,Active
GH0317,EMP0317,GitHub,gh317,Active
AD0318,EMP0318,AD,user318.ad,Active
AWS0318,EMP0318,AWS,u318_aws,Active
OK0318,EMP0318,Okta,user318@corp.com,Active
SF0318,EMP0318,Salesforce,sf_user318,Active
GH0318,EMP0318,GitHub,gh318,Active
AD0319,EMP0319,AD,user319.ad,Active
AWS0319,EMP0319,AWS,u319_aws,Active
OK0319,EMP0319,Okta,user319@corp.com,Active
SF0319,EMP0319,Salesforce,sf_user319,Active
GH0319,EMP0319,GitHub,gh319,Active
AD0320,EMP0320,AD,user320.ad,Active
AWS0320,EMP0320,AWS,u320_aws,Active
OK0320,EMP0320,Okta,user320@corp.com,Active
SF0320,EMP0320,Salesforce,sf_user320,Active
GH0320,EMP0320,GitHub,gh320,Active
AD0321,EMP0321,AD,user321.ad,Active
AWS0321,EMP0321,AWS,u321_aws,Active
OK0321,EMP0321,Okta,user321@corp.com,Active
SF0321,EMP0321,Salesforce,sf_user321,Active
GH0321,EMP0321,GitHub,gh321,Active
AD0322,EMP0322,AD,user322.ad,Active
AWS0322,EMP0322,AWS,u322_aws,Active
OK0322,EMP0322,Okta,user322@corp.com,Active
SF0322,EMP0322,Salesforce,sf_user322,Active
GH0322,EMP0322,GitHub,gh322,Active
AD0323,EMP0323,AD,user323.ad,Active
AWS0323,EMP0323,AWS,u323_aws,Active
OK0323,EMP0323,Okta,user323@corp.com,Active
SF0323,EMP0323,Salesforce,sf_user323,Active
GH0323,EMP0323,GitHub,gh323,Active
AD0324,EMP0324,AD,user324.ad,Active
AWS0324,EMP0324,AWS,u324_aws,Active
OK0324,EMP0324,Okta,user324@corp.com,Active
SF0324,EMP0324,Salesforce,sf_user324,Active
GH0324,EMP0324,GitHub,gh324,Active
AD0325,EMP0325,AD,user325.ad,Active
AWS0325,EMP0325,AWS,u325_aws,Active
OK0325,EMP0325,Okta,user325@corp.com,Active
SF0325,EMP0325,Salesforce,sf_user325,Active
GH0325,EMP0325,GitHub,gh325,Active
AD0326,EMP0326,AD,user326.ad,Active
AWS0326,EMP0326,AWS,u326_aws,Active
OK0326,EMP0326,Okta,user326@corp.com,Active
SF0326,EMP0326,Salesforce,sf_user326,Active
GH0326,EMP0326,GitHub,gh326,Active
AD0327,EMP0327,AD,user327.ad,Active
AWS0327,EMP0327,AWS,u327_aws,Active
OK0327,EMP0327,Okta,user327@corp.com,Active
SF0327,EMP0327,Salesforce,sf_user327,Active
GH0327,EMP0327,GitHub,gh327,Active
AD0328,EMP0328,AD,user328.ad,Active
AWS0328,EMP0328,AWS,u328_aws,Active
OK0328,EMP0328,Okta,user328@corp.com,Active
SF0328,EMP0328,Salesforce,sf_user328,Active
GH0328,EMP0328,GitHub,gh328,Active
AD0329,EMP0329,AD,user329.ad,Active
AWS0329,EMP0329,AWS,u329_aws,Active
OK0329,EMP0329,Okta,user329@corp.com,Active
SF0329,EMP0329,Salesforce,sf_user329,Active
GH0329,EMP0329,GitHub,gh329,Active
AD0330,EMP0330,AD,user330.ad,Active
AWS0330,EMP0330,AWS,u330_aws,Active
OK0330,EMP0330,Okta,user330@corp.com,Active
SF0330,EMP0330,Salesforce,sf_user330,Active
GH0330,EMP0330,GitHub,gh330,Active
AD0331,EMP0331,AD,user331.ad,Active
AWS0331,EMP0331,AWS,u331_aws,Active
OK0331,EMP0331,Okta,user331@corp.com,Active
SF0331,EMP0331,Salesforce,sf_user331,Active
GH0331,EMP0331,GitHub,gh331,Active
AD0332,EMP0332,AD,user332.ad,Active
AWS0332,EMP0332,AWS,u332_aws,Active
OK0332,EMP0332,Okta,user332@corp.com,Active
SF0332,EMP0332,Salesforce,sf_user332,Active
GH0332,EMP0332,GitHub,gh332,Active
AD0333,EMP0333,AD,user333.ad,Active
AWS0333,EMP0333,AWS,u333_aws,Active
OK0333,EMP0333,Okta,user333@corp.com,Active
SF0333,EMP0333,Salesforce,sf_user333,Active
GH0333,EMP0333,GitHub,gh333,Active
AD0334,EMP0334,AD,user334.ad,Active
AWS0334,EMP0334,AWS,u334_aws,Active
OK0334,EMP0334,Okta,user334@corp.com,Active
SF0334,EMP0334,Salesforce,sf_user334,Active
GH0334,EMP0334,GitHub,gh334,Active
AD0335,EMP0335,AD,user335.ad,Active
AWS0335,EMP0335,AWS,u335_aws,Active
OK0335,EMP0335,Okta,user335@corp.com,Active
SF0335,EMP0335,Salesforce,sf_user335,Active
GH0335,EMP0335,GitHub,gh335,Active
AD0336,EMP0336,AD,user336.ad,Active
AWS0336,EMP0336,AWS,u336_aws,Active
OK0336,EMP0336,Okta,user336@corp.com,Active
SF0336,EMP0336,Salesforce,sf_user336,Active
GH0336,EMP0336,GitHub,gh336,Active
AD0337,EMP0337,AD,user337.ad,Active
AWS0337,EMP0337,AWS,u337_aws,Active
OK0337,EMP0337,Okta,user337@corp.com,Active
SF0337,EMP0337,Salesforce,sf_user337,Active
GH0337,EMP0337,GitHub,gh337,Active
AD0338,EMP0338,AD,user338.ad,Active
AWS0338,EMP0338,AWS,u338_aws,Active
OK0338,EMP0338,Okta,user338@corp.com,Active
SF0338,EMP0338,Salesforce,sf_user338,Active
GH0338,EMP0338,GitHub,gh338,Active
AD0339,EMP0339,AD,user339.ad,Active
AWS0339,EMP0339,AWS,u339_aws,Active
OK0339,EMP0339,Okta,user339@corp.com,Active
SF0339,EMP0339,Salesforce,sf_user339,Active
GH0339,EMP0339,GitHub,gh339,Active
AD0340,EMP0340,AD,user340.ad,Active
AWS0340,EMP0340,AWS,u340_aws,Active
OK0340,EMP0340,Okta,user340@corp.com,Active
SF0340,EMP0340,Salesforce,sf_user340,Active
GH0340,EMP0340,GitHub,gh340,Active
AD0341,EMP0341,AD,user341.ad,Active
AWS0341,EMP0341,AWS,u341_aws,Active
OK0341,EMP0341,Okta,user341@corp.com,Active
SF0341,EMP0341,Salesforce,sf_user341,Active
GH0341,EMP0341,GitHub,gh341,Active
AD0342,EMP0342,AD,user342.ad,Active
AWS0342,EMP0342,AWS,u342_aws,Active
OK0342,EMP0342,Okta,user342@corp.com,Active
SF0342,EMP0342,Salesforce,sf_user342,Active
GH0342,EMP0342,GitHub,gh342,Active
AD0343,EMP0343,AD,user343.ad,Active
AWS0343,EMP0343,AWS,u343_aws,Active
OK0343,EMP0343,Okta,user343@corp.com,Active
SF0343,EMP0343,Salesforce,sf_user343,Active
GH0343,EMP0343,GitHub,gh343,Active
AD0344,EMP0344,AD,user344.ad,Active
AWS0344,EMP0344,AWS,u344_aws,Active
OK0344,EMP0344,Okta,user344@corp.com,Active
SF0344,EMP0344,Salesforce,sf_user344,Active
GH0344,EMP0344,GitHub,gh344,Active
AD0345,EMP0345,AD,user345.ad,Active
AWS0345,EMP0345,AWS,u345_aws,Active
OK0345,EMP0345,Okta,user345@corp.com,Active
SF0345,EMP0345,Salesforce,sf_user345,Active
GH0345,EMP0345,GitHub,gh345,Active
AD0346,EMP0346,AD,user346.ad,Active
AWS0346,EMP0346,AWS,u346_aws,Active
OK0346,EMP0346,Okta,user346@corp.com,Active
SF0346,EMP0346,Salesforce,sf_user346,Active
GH0346,EMP0346,GitHub,gh346,Active
AD0347,EMP0347,AD,user347.ad,Active
AWS0347,EMP0347,AWS,u347_aws,Active
OK0347,EMP0347,Okta,user347@corp.com,Active
SF0347,EMP0347,Salesforce,sf_user347,Active
GH0347,EMP0347,GitHub,gh347,Active
AD0348,EMP0348,AD,user348.ad,Active
AWS0348,EMP0348,AWS,u348_aws,Active
OK0348,EMP0348,Okta,user348@corp.com,Active
SF0348,EMP0348,Salesforce,sf_user348,Active
GH0348,EMP0348,GitHub,gh348,Active
AD0349,EMP0349,AD,user349.ad,Active
AWS0349,EMP0349,AWS,u349_aws,Active
OK0349,EMP0349,Okta,user349@corp.com,Active
SF0349,EMP0349,Salesforce,sf_user349,Active
GH0349,EMP0349,GitHub,gh349,Active
AD0350,EMP0350,AD,user350.ad,Active
AWS0350,EMP0350,AWS,u350_aws,Active
OK0350,EMP0350,Okta,user350@corp.com,Active
SF0350,EMP0350,Salesforce,sf_user350,Active
GH0350,EMP0350,GitHub,gh350,Active
